"","A1","A2","A3","A4","C1","C2","C3","C4","D1","D2","D3","D4","W1","W2","W3","W4","like1","like2","like3","comp1","comp2","comp3","RE1","RE2_RC","RE4","RE5_RC","LE1","LE2","LE3","LE4","log_tenure"
"1",3,2,3,3,3,4,3,2,4,3,4,3,2,4,3,3,5,2,4,6,6,3,4,5,4,6,7,5,5,6,0.416047763708472
"2",5,5,3,2,2,4,4,3,3,5,2,3,2,3,2,2,3,5,5,6,5,4,4,4,6,6,6,3,4,5,0.481374574954448
"3",4,2,3,5,4,4,4,4,4,3,3,1,3,3,2,3,3,4,3,6,6,3,5,3,4,5,5,5,4,5,0.544223274918941
"4",3,3,3,3,3,5,2,1,4,3,2,4,5,2,2,3,5,4,6,6,6,3,6,5,3,7,5,3,3,6,0.272039209023298
"5",4,4,4,4,3,3,3,2,4,5,4,4,3,4,3,3,5,4,6,6,5,4,5,2,5,2,6,6,2,5,0.652766801084316
"6",5,4,4,3,3,3,4,3,4,3,5,3,2,2,4,2,4,4,7,6,7,4,3,5,2,4,5,2,5,5,0.619327965097762
"7",4,4,4,3,1,3,3,3,4,4,4,3,3,2,2,2,3,2,2,6,6,5,4,1,3,5,3,5,5,6,0.823506374312978
"8",4,5,4,4,2,2,2,2,4,4,3,3,5,5,3,3,5,5,2,5,5,5,4,2,4,6,6,4,4,3,0.617788885835406
"9",5,4,3,1,3,2,4,2,2,4,2,4,3,1,3,4,3,6,2,7,6,5,6,7,2,5,6,4,3,6,0.695796114583617
"10",4,4,3,3,2,4,2,2,3,1,3,5,3,3,1,3,4,3,5,5,5,6,6,4,2,6,7,4,3,4,0.741974390904566
"11",5,5,5,3,3,4,2,3,3,3,4,1,3,2,3,1,4,4,4,3,5,7,4,5,2,4,6,5,3,5,0.603055241336972
"12",4,3,3,4,5,2,2,4,3,5,3,2,3,1,3,4,4,6,4,4,5,3,5,4,5,3,4,5,3,5,0.408099205461997
"13",4,4,4,2,3,4,2,4,1,4,3,4,4,3,1,2,4,4,4,6,5,3,5,4,6,3,5,5,3,4,0.622404812183144
"14",5,3,4,4,3,3,2,2,3,2,2,1,5,1,2,4,5,5,4,4,3,5,5,1,4,4,6,6,4,1,1.10982800229128
"15",4,5,3,4,1,4,4,2,4,3,2,5,4,4,3,2,5,2,4,3,5,7,5,2,3,7,5,4,2,5,0.49943359893014
"16",5,3,3,4,4,1,4,3,4,2,3,5,4,2,1,2,5,3,2,5,4,6,6,5,5,5,5,3,4,7,0.746465469463662
"17",2,4,3,3,3,3,3,1,4,2,3,2,3,2,1,3,4,2,4,3,4,6,5,1,4,3,4,5,6,6,0.893622228012118
"18",4,4,3,3,2,3,5,5,5,2,4,2,3,3,2,3,5,4,3,5,5,6,6,4,3,2,6,5,4,5,0.834922570244667
"19",5,3,2,4,3,3,5,5,1,3,3,4,2,3,3,4,4,2,6,4,6,5,4,4,4,4,6,4,6,6,0.697271625800883
"20",5,4,4,3,3,4,5,5,1,2,3,3,1,1,3,4,5,5,5,4,4,5,6,4,2,4,1,3,3,4,0.868239797890949
"21",5,4,1,4,3,4,1,2,1,2,3,3,3,3,1,3,3,3,4,6,6,6,4,4,4,7,7,4,7,4,0.333917380993428
"22",3,4,5,5,2,5,5,4,5,2,2,2,3,3,1,2,6,6,4,5,6,4,3,4,6,6,7,7,4,4,0.27181251369989
"23",4,5,4,5,2,2,3,4,3,2,3,2,1,3,2,4,5,5,2,5,6,4,6,3,4,6,5,5,3,6,0.260345316295334
"24",5,4,4,4,1,5,3,4,2,4,5,4,4,2,2,3,4,6,6,5,6,3,4,7,6,4,5,3,4,6,1.12691798754126
"25",5,3,3,2,2,4,4,3,3,2,5,1,3,3,2,4,5,4,4,5,6,3,4,4,2,5,5,4,4,6,0.527307168159174
"26",4,2,2,3,5,1,3,4,4,2,3,3,3,1,2,5,4,2,3,5,5,5,3,4,1,4,6,7,3,7,0.466277611968031
"27",4,3,4,3,3,3,3,4,2,3,3,4,3,2,2,1,7,4,5,4,5,5,5,5,3,7,4,5,6,3,0.724458799420052
"28",5,5,5,4,4,2,3,1,2,3,2,3,2,2,2,3,4,3,4,3,5,6,5,6,3,6,6,5,2,6,0.885850271303082
"29",3,4,3,4,3,3,1,3,4,1,4,3,3,3,4,4,5,2,5,4,4,5,5,6,3,3,5,3,6,6,0.873488234635266
"30",4,4,4,3,2,5,3,4,3,4,4,3,2,3,2,3,2,3,3,5,7,5,6,3,6,3,3,4,4,3,0.506339839167188
"31",2,4,4,2,3,3,3,3,5,5,3,5,4,4,3,4,5,3,3,5,4,7,4,3,4,3,5,3,4,5,0.409209726179099
"32",4,3,4,3,4,3,3,4,3,4,3,4,4,2,4,1,3,4,2,5,5,5,3,4,4,6,3,5,5,7,0.746325625156255
"33",5,4,3,3,3,3,3,3,4,1,3,5,3,3,2,1,5,5,4,5,5,3,4,5,3,3,5,6,4,6,0.465946754523965
"34",4,4,4,4,3,2,2,4,2,2,3,5,2,1,1,2,1,5,4,3,5,4,4,5,7,4,5,5,5,3,0.532039868172824
"35",5,3,3,4,3,3,4,1,5,2,3,1,3,2,2,5,4,4,4,6,6,5,5,4,3,3,6,5,6,4,1.10048751606752
"36",4,2,4,3,2,5,1,5,1,3,4,3,4,3,2,3,6,6,4,5,5,4,5,3,4,4,5,5,3,4,0.434007003862391
"37",5,4,3,3,3,4,2,4,2,4,2,2,2,2,2,2,6,4,6,5,4,4,4,5,5,4,5,5,6,5,0.971590983626773
"38",4,4,4,3,4,3,1,3,3,3,2,3,4,2,3,4,3,5,5,5,4,6,5,5,4,6,5,4,3,2,0.191952541268232
"39",5,3,3,4,2,3,3,5,1,4,4,4,4,3,2,2,5,5,5,4,4,4,6,2,4,3,6,6,2,6,0.248020958906426
"40",4,3,4,4,2,2,5,1,4,3,2,3,3,1,3,2,5,3,3,4,6,5,3,7,6,5,6,5,4,4,0.513335830077573
"41",4,4,3,4,4,3,2,1,4,2,4,5,2,1,3,3,5,5,6,5,5,6,4,6,4,7,6,2,6,5,0.664531742008998
"42",4,3,3,4,4,5,2,4,5,2,3,1,2,2,2,2,7,5,5,6,5,4,3,4,6,7,4,3,4,6,0.541846591126718
"43",3,4,2,2,4,2,4,2,4,3,3,3,4,3,3,4,4,4,6,5,5,5,6,3,6,5,4,4,1,7,0.91166000540515
"44",3,2,4,2,1,3,2,4,3,3,4,2,3,3,2,3,3,2,6,3,6,7,4,4,5,3,4,4,6,5,0.835676569750065
"45",4,4,4,3,5,4,2,4,3,4,2,2,3,3,2,4,5,6,5,5,5,7,6,5,6,4,6,3,6,7,0.423801206494868
"46",4,5,4,4,3,4,2,4,3,2,4,1,4,3,2,4,5,4,5,7,4,4,5,3,6,4,5,6,3,6,0.295967408401837
"47",4,2,3,4,4,4,3,2,3,4,3,4,4,2,2,1,5,4,6,4,5,4,4,3,5,6,6,4,5,6,0.410197373233174
"48",4,4,4,4,2,5,2,4,4,4,3,2,2,3,1,3,4,4,5,5,5,3,4,3,3,7,7,4,6,2,0.601967875942094
"49",5,3,2,4,3,2,2,4,2,4,4,3,2,3,3,3,3,4,6,4,3,5,6,4,6,3,3,2,6,5,0.547993208292554
"50",4,3,3,4,4,3,2,3,2,4,3,5,4,3,1,4,6,3,4,3,6,7,5,6,5,6,6,5,1,6,0.582474257003219
"51",3,4,4,4,4,2,2,4,3,2,2,1,3,3,2,1,4,4,4,3,5,6,6,7,1,3,5,3,4,3,0.659256088824515
"52",4,4,3,2,3,4,5,3,3,3,3,3,4,2,2,3,5,5,6,6,5,4,5,5,5,5,6,5,5,5,0.673154266387481
"53",4,4,3,3,3,2,4,4,4,4,3,3,3,3,4,1,4,2,4,5,4,4,2,2,5,7,5,1,6,1,0.690595968360198
"54",5,2,2,3,4,3,5,4,3,4,3,1,3,3,2,2,4,5,5,3,6,5,5,4,2,5,5,6,5,5,0.376659363292251
"55",4,5,4,3,2,3,2,2,5,2,4,2,4,3,2,3,3,4,5,6,4,5,5,2,6,5,5,5,5,4,0.827600837286127
"56",4,4,4,5,4,5,3,4,2,4,3,2,3,2,1,2,6,4,5,6,3,4,6,3,7,5,4,3,4,4,0.800253581900323
"57",4,3,4,4,4,4,3,4,5,4,5,4,3,1,2,4,5,4,3,5,5,4,6,3,3,5,4,6,3,5,0.626199295547229
"58",4,4,3,2,4,3,4,2,2,4,5,3,3,2,1,4,4,5,3,5,5,6,5,6,5,3,4,3,5,4,0.282046360419642
"59",3,3,2,3,4,4,1,3,3,5,2,4,1,3,2,4,5,4,5,5,5,4,6,4,2,5,6,4,4,6,0.554513708062742
"60",4,2,3,3,3,3,1,4,1,3,4,4,4,3,3,5,3,6,2,5,4,5,1,7,4,4,6,6,3,5,0.684024961022775
"61",4,4,3,3,4,4,4,1,5,2,3,4,1,2,1,3,2,3,7,5,4,6,5,4,4,5,6,6,2,7,0.450552947740973
"62",3,3,3,4,4,1,2,4,5,2,3,2,3,2,2,4,3,6,5,6,4,4,7,3,7,4,5,3,7,3,0.341489783458246
"63",4,2,4,3,3,1,4,3,1,1,3,4,3,4,2,4,5,7,4,5,5,5,5,5,3,5,6,4,7,5,0.67220401747482
"64",4,3,3,3,2,2,2,1,2,5,4,3,2,2,2,5,5,3,3,5,4,5,4,6,5,5,4,5,4,5,0.659265248501724
"65",4,2,4,3,2,3,3,2,1,2,3,4,4,5,2,2,5,3,1,4,7,5,6,5,2,6,4,6,6,4,0.380176551888934
"66",4,4,4,1,3,4,4,4,2,5,3,5,4,3,2,3,2,5,4,6,4,6,6,6,3,6,5,5,5,5,0.750786625868076
"67",4,3,4,3,1,3,2,4,5,3,2,5,2,2,2,2,5,3,3,7,4,7,3,5,3,4,3,5,4,5,0.469772171145613
"68",4,4,2,4,2,1,3,1,3,5,4,3,2,2,1,1,4,3,3,6,7,3,4,4,3,4,4,6,4,6,0.402923210039261
"69",4,3,4,4,3,5,4,5,2,2,4,1,2,1,2,4,3,5,4,5,3,4,6,3,2,5,4,4,5,6,0.690317538832856
"70",4,4,2,4,3,1,2,3,4,1,4,3,4,2,5,3,6,5,6,5,5,3,6,5,3,3,4,6,4,3,0.628305202515548
"71",2,5,5,4,1,4,3,3,4,4,4,4,3,4,2,3,5,5,4,3,5,3,6,1,1,7,6,7,3,5,0.530544181799718
"72",5,3,3,4,1,3,4,2,3,3,4,2,4,2,3,1,3,5,2,6,4,5,5,2,4,2,5,5,7,7,0.608968991257353
"73",5,3,5,2,4,4,3,2,3,4,5,2,4,4,1,4,3,4,2,4,6,5,6,5,3,6,4,4,6,5,0.726631512394772
"74",4,3,4,2,2,3,1,3,1,4,1,2,4,3,1,2,4,4,3,7,5,3,6,3,5,5,4,5,5,5,0.739827898443197
"75",3,4,5,3,3,2,5,2,4,4,4,2,3,4,3,2,2,5,6,3,5,4,5,4,4,6,6,6,3,6,0.571023749656935
"76",4,3,4,3,4,3,4,4,3,5,3,3,3,4,1,3,2,5,3,4,3,5,6,5,2,7,6,6,4,4,0.620777506808663
"77",4,2,4,4,3,3,3,3,2,2,3,2,1,1,1,4,2,4,4,6,4,6,5,3,3,3,7,5,5,6,0.707125642626595
"78",4,4,5,4,2,4,3,2,3,4,3,3,1,1,2,2,5,5,7,3,3,5,6,4,3,3,6,3,5,4,0.309779154313577
"79",4,2,4,3,3,4,4,4,3,4,3,2,2,2,1,2,6,6,5,5,5,5,5,5,1,5,4,4,4,6,0.802749017858926
"80",4,4,3,3,3,3,2,3,3,4,3,3,2,2,2,4,5,7,3,6,4,2,2,4,5,3,7,6,3,5,0.956650857573349
"81",3,3,3,3,3,2,4,3,2,2,3,3,4,2,2,3,5,2,4,4,5,4,4,5,4,4,6,5,4,4,0.665597926294784
"82",4,5,3,2,3,3,3,3,2,2,2,5,2,2,2,3,4,4,1,4,7,5,5,6,3,4,6,5,3,2,0.510727015516437
"83",4,3,4,3,3,3,5,3,5,4,3,2,2,3,1,2,4,3,4,4,5,5,5,5,3,5,6,7,3,7,0.532981632604613
"84",5,4,3,4,5,3,4,5,4,3,3,5,4,2,2,2,4,2,5,5,6,6,7,3,2,3,5,5,6,4,0.885925239769066
"85",4,3,4,4,4,2,3,3,3,3,3,3,4,3,2,3,3,6,4,6,7,4,3,3,6,6,6,7,4,4,0.8006861831404
"86",4,3,4,4,3,3,2,2,5,2,4,1,4,2,3,2,5,3,2,5,4,5,5,5,3,3,6,4,4,5,0.739434305162885
"87",5,3,3,2,2,5,1,5,4,4,5,4,4,2,2,2,4,2,4,4,5,5,5,7,3,5,4,4,7,5,0.538844547772629
"88",4,3,4,4,3,4,3,2,3,1,3,3,2,2,1,2,3,5,1,5,5,3,6,3,5,5,6,6,4,4,0.466986197880618
"89",4,3,4,2,3,1,4,4,2,4,4,3,2,2,2,3,3,4,4,5,5,6,5,5,5,6,7,5,1,3,0.720940248131691
"90",5,4,3,3,1,4,3,2,3,5,2,3,2,3,2,2,2,6,4,2,4,6,5,4,6,6,4,4,5,4,0.144102807252108
"91",4,3,2,4,4,3,5,4,4,3,4,3,4,3,3,2,6,7,7,5,2,6,3,4,3,3,4,4,5,7,0.576357916785728
"92",4,2,4,3,4,1,2,2,1,1,2,3,4,2,3,4,7,4,4,4,5,3,5,4,6,5,5,5,6,3,0.726238267319294
"93",4,4,3,5,3,4,2,5,3,3,3,3,3,3,4,3,7,3,4,4,6,7,5,5,4,7,4,3,7,3,0.771793485997508
"94",3,4,4,5,4,4,3,3,3,5,2,3,3,2,2,3,5,2,3,7,6,4,5,6,3,7,5,4,6,5,0.643799392999078
"95",5,4,3,3,3,2,3,2,1,5,4,5,3,1,2,3,5,6,5,2,3,5,4,3,2,4,3,5,4,6,0.74925024922723
"96",4,4,4,3,2,3,4,2,2,3,3,5,4,3,2,3,3,6,2,6,4,5,6,4,4,5,6,3,4,7,1.10043738523788
"97",5,3,3,2,3,4,3,2,3,5,2,3,4,3,2,4,3,5,6,5,5,5,5,3,5,4,6,5,3,3,0.580453954076804
"98",2,4,3,4,4,3,4,4,5,2,3,2,4,3,1,2,3,4,4,6,4,4,4,6,4,5,5,5,3,4,0.762243071537914
"99",4,3,3,3,3,3,3,4,3,4,4,4,3,2,3,1,3,5,6,6,6,4,5,2,3,5,7,4,4,6,0.346628301528073
"100",5,4,4,1,4,4,2,3,4,2,4,5,1,2,1,3,4,3,5,4,5,6,5,3,5,4,3,6,6,5,0.618108696585438
"101",5,3,3,3,3,5,2,1,3,4,5,2,3,2,2,2,7,5,1,7,5,6,5,2,4,5,4,7,5,4,0.543715375607627
"102",5,4,5,2,1,3,3,3,3,4,2,3,3,1,2,3,3,6,4,4,5,4,6,4,4,7,5,3,5,6,0.8035375191669
"103",4,3,5,3,2,4,1,2,2,2,4,4,2,2,2,2,5,5,4,6,4,7,6,4,3,5,4,2,4,5,0.266917280086308
"104",4,4,5,3,3,1,3,2,4,2,4,1,3,3,3,1,6,2,2,5,5,5,5,5,4,5,4,6,3,5,0.737209022474031
"105",4,3,4,5,2,3,2,4,2,4,5,3,3,3,3,2,3,2,4,3,5,5,4,5,5,6,5,6,5,6,0.595308999447231
"106",4,3,2,2,2,3,4,2,4,4,2,5,2,3,4,3,3,4,4,5,3,7,5,3,4,5,6,6,5,2,0.410405224732698
"107",4,4,4,4,5,4,2,4,2,4,5,3,3,3,3,3,6,5,4,6,5,5,6,4,4,5,4,2,5,5,0.058638072242572
"108",4,3,5,4,3,3,3,4,2,3,4,2,2,2,2,3,4,3,3,5,3,6,4,4,3,4,5,6,6,6,0.57356924978086
"109",4,4,4,3,4,3,3,2,3,2,1,2,4,3,2,2,3,6,3,6,5,5,7,6,5,3,5,5,6,7,0.642036325295641
"110",5,3,3,3,2,4,2,4,1,5,2,4,3,3,2,2,4,3,4,5,4,3,4,3,4,7,5,5,7,6,0.955350562656627
"111",4,5,3,4,2,4,4,3,2,4,4,4,3,2,1,5,2,2,2,6,4,4,5,6,5,4,4,5,4,3,0.769638219827282
"112",4,2,4,4,3,3,2,3,2,3,3,4,4,3,2,4,4,6,2,3,6,5,3,4,4,6,6,3,2,3,0.81692341278289
"113",4,3,4,3,1,2,4,3,1,4,3,3,4,3,4,5,5,4,6,4,5,6,5,2,6,2,5,5,5,5,0.50655968831945
"114",3,5,2,4,2,3,1,5,4,2,2,3,4,1,2,3,5,4,3,4,4,5,5,5,4,4,6,5,5,4,0.552791711368282
"115",3,3,3,4,1,2,2,3,4,4,2,2,4,3,3,3,2,2,4,5,4,3,4,2,5,6,5,4,4,4,0.883664353519778
"116",5,1,2,3,4,4,1,2,2,3,2,2,3,2,3,2,4,5,5,3,2,5,5,4,6,4,4,5,4,3,0.960419623396738
"117",5,4,4,3,2,3,3,4,5,3,4,2,4,1,2,3,5,5,5,5,5,4,5,4,5,6,3,4,2,3,0.669671568644601
"118",4,4,4,4,2,3,2,4,2,4,4,2,3,4,1,2,6,1,4,4,6,6,5,3,4,5,5,5,5,6,0.764358574527578
"119",4,3,5,3,4,4,4,3,4,3,1,2,2,2,2,5,3,3,4,7,5,2,5,4,4,3,3,5,5,4,0.772172456265841
"120",5,4,4,2,2,4,3,3,4,3,4,4,2,3,2,2,6,5,6,5,4,6,4,3,3,3,3,6,2,4,0.472439646294812
"121",4,4,2,4,3,3,2,2,2,3,4,2,2,4,4,4,2,5,3,3,6,6,7,4,2,5,4,6,4,4,0.824903427566736
"122",4,4,3,4,2,3,2,3,2,3,3,1,3,3,4,2,4,3,4,5,6,5,4,6,4,5,5,7,5,6,0.792116903024412
"123",5,3,4,3,4,2,4,4,3,1,3,1,3,2,3,2,6,6,3,5,5,7,5,4,1,7,5,4,4,4,0.760654010140552
"124",4,5,4,4,4,2,3,3,4,2,3,2,3,3,3,3,6,5,4,5,5,5,4,5,4,5,5,6,6,5,0.214613865460896
"125",5,3,3,5,2,3,3,1,3,4,4,2,2,3,2,2,4,4,3,6,5,1,5,4,3,5,5,3,4,2,0.904914120100337
"126",5,5,3,5,3,4,4,4,2,4,2,3,5,2,3,4,4,5,4,5,5,5,5,3,2,5,4,6,2,5,0.453343308872328
"127",4,4,4,4,5,2,3,3,2,2,2,3,3,2,3,3,6,3,2,5,4,6,5,6,5,6,6,5,5,5,0.327366380721121
"128",4,2,4,3,3,3,4,3,2,2,2,2,2,2,2,3,3,4,4,5,5,4,4,6,4,5,5,4,7,6,0.376063438232433
"129",5,2,5,5,2,4,2,3,4,2,4,3,3,2,4,2,4,5,7,4,5,7,6,2,2,6,6,5,5,5,0.676487397278607
"130",4,5,3,5,4,3,2,5,3,4,4,2,2,2,1,5,5,3,4,6,5,6,6,6,4,3,3,4,6,5,0.877724428436428
"131",4,3,3,4,2,3,2,3,3,5,2,4,2,2,3,2,5,5,7,3,4,5,3,3,5,3,4,6,4,4,0.806431012312864
"132",4,4,3,3,3,4,2,2,4,4,3,3,1,4,2,2,3,3,3,6,4,6,4,6,6,5,5,6,3,6,0.320781093291008
"133",4,5,4,4,3,1,2,3,3,1,4,2,4,4,2,4,5,5,4,6,6,2,6,2,3,4,7,6,4,5,0.466140630054102
"134",3,5,5,4,4,3,2,1,5,4,2,5,1,4,3,3,5,5,3,5,4,5,4,2,2,5,7,6,3,4,1.01960466145105
"135",4,3,5,3,3,5,2,4,2,4,3,4,3,1,2,3,6,4,4,4,5,5,4,6,4,6,4,5,4,6,0.746577549537331
"136",3,4,3,4,3,4,4,3,4,5,2,3,2,3,3,2,4,2,6,5,4,5,4,5,4,4,4,7,6,7,0.524107023861161
"137",3,4,4,3,4,3,4,3,5,4,4,3,3,2,3,3,4,4,3,3,4,5,5,5,6,6,6,6,2,5,0.255304655231423
"138",4,4,4,2,5,5,1,3,3,4,4,4,4,1,1,2,5,4,6,4,4,7,4,4,2,5,5,2,4,4,0.491565520387894
"139",4,4,2,4,1,3,4,3,4,2,5,5,3,3,2,2,6,6,3,6,5,5,4,5,4,3,4,5,6,5,0.516253071468703
"140",4,5,3,4,2,4,3,4,4,4,4,4,3,3,3,3,5,3,3,6,6,5,4,5,5,5,3,5,3,5,0.735897832156202
"141",5,4,5,4,2,4,3,4,3,3,2,2,2,2,3,4,6,4,2,6,5,4,6,4,6,5,5,6,5,3,0.5379656055515
"142",4,3,5,4,2,2,4,2,2,4,4,3,2,2,2,3,5,6,4,5,5,6,6,4,5,2,5,5,3,7,0.515450484688082
"143",4,4,5,3,2,3,4,4,4,3,3,2,4,2,5,3,6,5,6,3,7,5,6,3,3,3,5,5,7,5,1.05623249313746
"144",4,4,4,2,4,3,1,3,2,4,2,3,3,2,3,2,6,4,5,4,6,5,6,3,3,4,5,5,3,5,0.503389288005093
"145",4,3,4,4,4,4,2,2,4,4,3,1,2,2,2,5,2,2,3,5,6,3,7,5,3,5,4,5,6,6,0.589091801559315
"146",5,3,4,3,2,2,3,4,3,3,2,3,3,2,3,3,3,3,3,5,6,7,4,4,3,5,4,6,6,7,0.526674752785385
"147",4,3,3,3,3,4,3,3,1,2,4,4,3,2,1,3,5,3,5,4,6,2,4,3,4,2,3,4,5,5,0.585876454007821
"148",5,4,2,5,1,5,4,5,3,4,3,2,2,1,3,3,4,2,3,6,5,3,6,6,3,4,7,5,5,5,0.352617425329528
"149",4,3,2,5,3,3,3,2,5,2,2,4,2,1,2,3,3,4,3,6,5,3,4,4,4,3,6,5,3,4,0.346608053095682
"150",4,3,3,2,4,5,2,4,2,4,2,4,3,2,2,3,6,2,3,7,4,5,6,5,4,4,5,3,6,4,0.617832177000756
"151",4,4,4,4,4,4,3,2,1,2,3,1,4,2,2,2,4,3,2,3,5,5,4,4,5,3,6,5,5,3,0.700652685507265
"152",4,3,3,4,1,2,4,3,3,5,4,3,3,2,2,3,4,6,5,5,6,2,4,2,3,6,3,6,4,5,0.803029406464611
"153",5,3,4,4,4,4,1,2,3,2,3,5,3,1,3,2,2,3,1,5,3,6,4,4,3,5,6,6,7,5,0.742526446611118
"154",5,2,4,2,1,5,3,4,4,3,3,5,3,3,2,3,5,5,5,4,4,4,5,3,4,4,4,3,3,5,0.704616004202833
"155",5,2,4,3,3,4,3,3,4,1,3,3,2,3,3,2,4,2,3,4,5,4,3,6,5,6,5,5,3,6,0.953595665995635
"156",5,3,4,4,5,4,2,2,4,3,5,4,3,2,2,3,4,3,5,3,5,6,5,3,7,3,3,6,5,7,0.360520468259478
"157",5,3,3,2,4,5,5,3,3,2,4,1,2,2,3,3,5,3,5,5,5,6,4,5,5,7,4,4,5,4,0.450447332000339
"158",4,4,3,3,5,4,4,3,3,1,3,3,3,3,2,2,5,2,6,3,6,6,6,5,3,6,5,5,5,6,0.88348114384234
"159",4,3,4,3,1,3,2,2,4,4,5,4,3,3,3,4,4,3,4,3,5,6,4,2,4,5,6,4,3,6,0.208465349006139
"160",4,4,3,3,4,4,3,5,3,3,4,4,1,2,1,3,6,4,4,3,5,6,5,5,2,4,6,4,6,4,0.83724583082926
"161",4,4,3,5,2,4,3,4,3,3,4,3,3,2,2,3,5,4,4,4,3,6,5,3,4,6,4,7,3,5,1.12552799867288
"162",5,3,1,4,4,3,3,4,3,5,1,2,2,2,2,2,5,4,7,6,5,4,5,4,5,6,6,7,5,4,0.989604418477612
"163",4,4,5,3,3,4,1,3,5,5,4,3,2,3,3,3,5,6,3,4,2,4,7,2,6,3,5,6,3,5,0.478638866644579
"164",5,5,4,4,2,5,1,2,3,3,2,2,1,2,3,4,4,4,6,5,5,5,5,7,2,5,6,6,7,7,0.849851977393535
"165",4,5,3,5,2,3,1,3,4,2,4,3,3,1,4,4,5,6,4,5,5,2,6,3,2,4,6,3,4,3,0.661663139232612
"166",3,3,4,3,2,2,4,2,4,2,4,3,3,2,2,4,5,4,5,4,4,5,5,5,3,6,5,5,4,5,0.60579204490287
"167",4,3,4,1,4,3,2,4,3,3,3,1,3,2,3,3,2,6,5,6,5,3,5,3,4,4,4,4,4,7,0.957952187511275
"168",3,3,2,5,4,2,4,3,2,2,4,1,2,2,4,1,5,3,5,5,5,6,3,4,3,7,4,3,3,7,0.157369648372052
"169",5,3,5,1,3,3,4,4,3,4,5,3,4,3,3,2,7,4,4,4,5,2,5,4,6,5,5,7,6,4,0.984347129641202
"170",5,3,3,4,1,3,2,4,3,4,4,3,2,2,1,3,5,4,4,5,5,5,6,3,2,6,6,4,7,5,1.02164783019455
"171",4,4,4,3,3,3,4,2,2,4,3,3,3,4,2,2,7,3,5,4,6,6,5,3,3,3,6,6,4,5,0.887738120034176
"172",5,4,3,1,2,3,1,3,3,5,4,3,4,2,3,4,5,7,1,5,5,3,4,5,5,3,4,6,5,4,0.821622114777105
"173",4,3,2,4,2,3,1,3,3,2,2,3,4,2,2,2,3,4,1,5,6,7,4,3,2,5,4,4,3,6,0.977064144314953
"174",4,4,3,1,4,2,1,4,4,4,3,2,4,3,3,4,5,6,4,5,5,3,4,5,5,7,5,4,5,5,0.958896676679569
"175",5,3,4,4,4,5,4,5,5,2,3,3,2,3,2,1,4,5,4,4,4,4,6,4,2,5,5,3,3,6,0.807064947137377
"176",4,3,4,4,4,2,4,4,4,4,4,3,1,3,1,2,6,4,6,6,3,6,5,6,4,5,5,4,3,4,0.773456866471332
"177",5,4,4,2,3,4,4,4,3,3,5,1,3,2,3,3,4,4,4,6,4,4,4,6,4,3,5,4,7,5,0.366739188264757
"178",5,4,4,3,3,3,3,4,1,2,3,2,5,2,3,1,3,4,6,4,6,4,4,2,2,5,6,6,3,4,0.720262060582065
"179",4,4,3,1,3,4,1,4,3,5,2,1,3,2,2,3,3,5,5,5,5,5,5,3,5,4,4,4,1,3,0.147124028225467
"180",4,4,4,3,4,4,4,4,5,3,3,3,2,2,3,4,4,2,4,6,5,4,4,3,4,1,5,4,5,5,0.594767032527154
"181",5,4,4,2,3,2,1,3,4,2,2,2,3,2,4,4,6,1,6,6,4,4,6,5,4,3,4,5,1,6,0.644318256814598
"182",4,4,3,4,3,5,3,3,2,3,3,4,4,2,2,2,3,6,4,3,7,5,6,6,6,4,5,6,1,5,0.652126514366884
"183",5,4,3,3,2,3,4,5,2,2,4,4,4,2,3,4,4,3,5,5,3,4,5,4,5,5,2,3,6,6,0.633235348508426
"184",4,2,5,5,3,4,3,2,1,4,4,3,3,1,4,4,3,4,6,6,6,3,5,4,4,7,3,5,5,4,0.724911370852418
"185",4,3,3,4,4,2,3,4,1,4,2,2,3,4,2,3,6,7,4,7,2,5,4,2,2,6,5,4,3,5,0.709916485524783
"186",3,4,3,2,3,3,3,3,3,4,4,3,4,3,2,4,4,3,2,5,5,6,4,3,3,4,4,4,6,6,0.87909072182336
"187",4,3,5,3,5,2,2,4,1,4,1,1,2,1,3,4,5,6,6,3,6,5,4,2,4,4,5,5,5,5,0.719481419631265
"188",4,4,4,2,2,2,4,3,4,2,2,3,1,2,4,2,3,5,1,5,6,4,7,5,4,4,5,5,4,6,0.700333753124248
"189",3,1,4,5,4,2,4,2,3,2,5,2,2,3,1,5,3,3,6,4,4,6,7,6,4,4,5,7,3,3,0.897775611317266
"190",4,2,4,3,4,3,3,3,4,3,4,1,2,3,2,3,5,5,2,5,5,4,2,5,4,3,6,4,4,6,0.826762519149768
"191",5,4,4,4,3,5,3,3,2,4,3,4,3,2,1,2,5,3,5,5,6,4,4,6,4,5,5,7,6,7,1.02086582308321
"192",4,5,4,3,3,3,4,2,4,3,2,4,2,1,3,3,3,6,7,5,6,5,6,4,3,4,5,3,3,6,0.822050923091419
"193",3,4,4,4,1,3,5,1,1,4,4,5,2,3,3,2,6,6,3,6,4,5,4,4,2,4,6,4,7,4,0.468206067397666
"194",5,3,4,2,4,3,2,1,3,2,5,2,3,2,3,3,4,4,4,5,6,3,4,5,5,4,6,4,5,5,0.950497103042018
"195",4,2,3,4,3,3,3,3,4,5,1,2,2,1,2,4,4,3,1,6,6,6,5,6,4,5,5,4,4,6,0.58521834246768
"196",5,2,3,3,3,4,2,4,4,3,3,1,4,3,2,3,3,4,4,4,5,4,3,6,2,5,5,4,4,3,0.559057605297724
"197",3,4,4,5,1,3,2,3,2,5,3,3,4,2,2,4,6,6,2,5,4,5,7,5,3,6,5,5,3,4,0.580342908356033
"198",3,5,3,4,3,3,2,2,3,3,4,2,2,3,1,3,6,4,4,4,4,3,6,6,2,4,5,4,6,6,0.702486405974944
"199",5,2,3,5,2,2,4,4,4,5,5,2,3,2,2,3,4,7,2,6,4,4,5,2,3,7,6,6,4,6,0.663815365914051
"200",5,4,4,4,3,4,3,3,1,4,3,5,3,3,2,2,6,2,3,6,5,5,5,2,3,5,6,5,2,3,0.353534821997699
"201",4,3,4,2,4,3,3,3,3,1,2,2,3,1,3,4,4,4,6,4,3,4,4,3,3,5,3,5,5,4,0.782950627844983
"202",4,2,3,1,3,4,4,2,2,1,2,5,3,2,2,2,6,5,5,5,5,6,5,7,2,5,5,3,6,5,0.69771403593084
"203",4,4,5,2,4,2,5,2,4,4,1,3,4,2,1,1,2,3,4,4,5,5,6,2,5,3,6,2,6,5,0.304555796724806
"204",4,3,3,2,4,5,2,4,4,2,5,3,4,1,2,3,6,6,4,5,4,5,6,4,6,5,3,6,6,4,0.212276587579325
"205",5,2,4,5,3,3,4,2,3,3,3,3,1,4,1,2,6,4,5,3,5,4,3,3,6,4,3,3,4,6,0.979953261755606
"206",4,4,4,4,4,2,4,4,2,1,2,2,3,3,2,1,5,3,5,5,2,2,5,4,1,1,5,5,5,2,0.67562604024905
"207",4,4,4,5,2,1,4,2,2,4,4,3,2,2,2,4,6,5,3,6,4,3,5,4,6,6,5,5,4,7,0.400931966644456
"208",5,4,4,4,3,4,1,3,1,2,4,3,3,3,1,4,5,5,4,3,4,5,5,2,3,5,6,6,5,4,0.632374697492088
"209",4,3,3,2,1,3,5,4,4,2,4,5,3,2,2,4,3,3,4,5,5,6,3,3,4,7,5,4,2,3,0.624172375983913
"210",4,3,4,3,1,2,4,2,2,4,2,4,2,3,2,2,2,5,4,5,5,3,5,5,3,4,6,6,4,6,0.60970973568369
"211",4,4,4,4,5,4,3,3,2,3,3,2,4,2,3,3,5,3,5,5,5,4,3,3,4,2,6,4,4,3,0.420682594893405
"212",5,3,3,3,3,3,3,4,3,4,4,3,2,2,1,2,6,5,7,5,4,4,5,7,4,6,5,5,3,3,0.490722707503989
"213",4,3,4,3,5,4,2,1,4,4,3,2,2,1,2,3,7,4,2,5,5,4,6,5,3,5,7,2,5,5,0.20828502923977
"214",4,3,3,4,3,3,1,4,3,4,3,1,2,2,4,2,5,3,5,6,6,3,5,4,3,4,6,4,4,4,0.083405273152096
"215",5,4,5,4,3,3,1,2,5,3,3,3,1,2,2,1,3,4,2,4,4,5,3,4,4,7,3,2,4,6,0.46042527424133
"216",5,3,3,2,4,3,4,3,4,2,3,4,2,3,4,3,6,2,4,5,4,4,5,3,5,5,6,5,5,4,0.451118701324503
"217",3,4,5,4,4,3,3,1,3,3,4,4,3,2,1,2,5,3,3,3,4,5,6,1,4,6,5,5,6,4,0.775701776494921
"218",4,5,3,4,3,3,2,3,2,4,3,3,3,4,2,4,6,6,4,3,4,3,4,4,5,2,6,6,4,3,0.306330686203897
"219",4,2,3,5,3,5,2,3,4,4,3,2,2,2,2,2,5,7,3,5,5,6,4,4,5,4,6,6,5,6,0.277134403942572
"220",4,4,3,3,4,2,4,3,4,1,3,4,2,2,2,3,1,5,6,5,5,5,5,6,3,3,5,3,3,6,0.649081453358958
"221",4,3,5,5,1,3,4,3,4,1,3,3,2,1,1,2,3,5,5,4,4,7,5,4,6,5,3,4,4,4,0.762330421514315
"222",5,2,4,4,4,2,5,5,3,3,3,3,3,2,4,5,6,4,1,5,7,4,3,5,5,5,6,4,5,4,0.537551873335728
"223",4,3,5,4,3,4,3,2,3,2,3,3,3,1,3,3,6,5,3,3,5,4,4,3,4,6,5,4,3,4,0.714310692075443
"224",5,4,2,4,3,3,2,3,2,2,3,3,3,3,2,4,5,5,3,2,5,3,7,5,4,6,4,3,4,3,0.554704510930322
"225",3,4,4,4,1,3,3,2,1,4,1,1,2,2,1,3,7,3,5,6,6,5,6,3,2,3,5,6,4,6,0.311748908496556
"226",3,4,4,4,3,3,2,3,2,3,2,2,3,3,1,1,3,2,6,6,4,3,5,4,4,6,6,5,7,5,0.595059503513698
"227",3,3,3,3,1,1,1,1,3,4,4,4,2,1,3,4,6,3,5,4,6,3,3,4,2,3,5,4,5,6,0.643829387997731
"228",4,4,3,3,4,3,1,4,3,4,3,4,2,1,3,3,7,6,6,6,5,6,4,5,4,5,4,5,1,4,0.591251986894621
"229",5,3,3,1,3,4,2,3,3,4,3,2,3,2,2,2,5,3,3,4,4,5,6,4,3,5,4,4,4,5,0.595916048118466
"230",5,5,3,4,3,4,5,3,4,3,5,4,4,2,1,2,5,7,5,5,5,3,4,3,5,6,6,5,7,6,0.862111634336634
"231",5,3,4,2,3,3,2,3,2,3,3,1,3,4,2,3,7,2,1,7,6,5,5,4,4,3,3,4,6,5,0.794673064449603
"232",4,2,3,3,4,3,1,5,4,3,2,3,3,2,2,3,5,3,4,4,4,5,6,3,3,4,6,5,2,6,0.980832596531645
"233",5,4,4,2,2,5,5,4,5,4,2,4,2,2,5,3,7,3,3,5,6,5,6,3,5,2,4,3,5,4,0.512777354359201
"234",5,3,5,3,4,4,2,3,2,4,3,1,3,2,3,4,6,4,4,3,3,5,5,5,4,6,2,2,4,3,0.695089252484758
"235",5,5,4,5,3,4,4,1,3,2,3,2,3,4,3,4,3,4,5,5,4,5,5,5,3,6,5,3,5,3,0.723806785395976
"236",4,3,4,3,3,4,2,2,5,4,4,3,3,2,2,2,5,6,6,4,5,5,5,5,5,4,6,2,6,4,0.394173079762231
"237",3,4,4,4,1,3,2,4,4,3,4,3,2,1,4,4,3,4,3,5,6,4,4,2,6,7,5,4,7,4,0.284409405528922
"238",4,3,5,2,3,4,4,3,3,2,3,3,4,2,2,4,4,5,5,4,4,3,5,3,4,5,5,5,6,6,0.768270831622125
"239",3,4,3,3,3,3,3,2,2,2,2,2,4,3,1,1,3,4,5,5,7,5,4,2,4,4,6,6,2,5,0.845449640105366
"240",4,4,4,2,4,4,3,4,2,1,4,3,2,2,1,5,5,4,5,5,5,4,7,6,4,5,5,6,1,4,0.689368545883893
"241",5,4,4,4,4,5,2,1,2,3,4,3,3,3,3,2,3,4,6,4,5,6,3,6,5,2,3,5,5,4,0.376443046591124
"242",4,4,4,3,1,4,4,4,1,2,3,5,2,3,2,2,3,6,3,4,5,5,7,5,3,7,4,5,4,6,0.54652683735044
"243",5,4,2,3,3,3,2,4,2,3,3,2,3,3,3,3,3,4,5,5,5,4,4,4,7,5,5,3,3,4,1.37303190194232
"244",4,4,5,4,3,5,2,3,4,2,4,4,3,4,2,2,5,6,7,5,5,5,6,7,4,6,5,5,6,5,0.535299051726988
"245",4,4,5,3,2,3,5,5,4,3,4,1,3,3,2,3,7,6,6,3,5,4,6,3,5,3,6,6,4,6,0.42969437141534
"246",3,4,5,2,4,4,2,3,5,3,4,4,2,1,3,2,2,6,4,5,6,6,6,6,3,4,5,6,4,6,1.11909790369594
"247",4,5,3,3,5,3,4,2,2,3,3,3,3,3,2,3,4,4,3,7,5,6,6,5,4,3,6,5,5,6,0.79447501993842
"248",3,3,5,4,2,4,4,2,4,3,3,4,4,5,1,2,4,3,2,4,4,6,3,4,2,4,5,6,3,4,0.347792165045164
"249",3,4,4,5,2,2,2,4,2,4,4,3,3,3,1,4,4,4,4,6,5,5,5,5,6,4,4,4,5,3,0.81094333122176
"250",4,5,3,2,2,2,5,2,4,4,4,2,4,4,2,4,6,4,3,4,5,4,4,5,5,6,6,6,5,5,0.554668139401826
"251",4,2,5,3,5,2,3,4,3,4,4,5,4,2,3,4,5,5,2,4,4,4,6,2,6,6,4,5,3,5,0.892998466006102
"252",4,3,4,3,4,3,5,5,1,4,4,2,3,3,1,3,2,2,6,5,5,6,4,6,6,5,6,4,4,3,0.47966030306216
"253",5,4,5,3,3,3,2,3,3,2,3,4,4,1,4,1,4,5,4,6,5,6,6,5,3,4,4,3,6,7,1.0091179974657
"254",5,5,5,4,4,4,2,4,3,4,4,1,3,3,3,1,3,6,4,5,3,4,6,3,4,7,7,5,5,5,0.84366598019767
"255",3,4,4,3,3,2,4,5,1,2,2,5,2,2,2,5,3,2,2,4,6,7,3,5,2,4,4,7,6,4,0.761010687537952
"256",5,4,5,5,4,2,1,4,4,5,3,2,3,2,1,3,6,4,2,5,6,4,4,5,5,5,4,6,7,6,0.5146206733338
"257",4,4,2,5,2,2,4,4,1,3,3,3,2,3,3,3,2,3,5,4,5,6,6,5,3,5,5,1,4,3,0.46656817840517
"258",4,3,3,3,3,4,4,4,5,3,3,1,2,2,1,4,4,6,2,4,7,3,5,4,5,3,5,5,5,6,0.738958056244456
"259",5,2,3,4,1,5,4,3,3,3,2,2,3,1,2,4,5,6,3,5,6,5,5,5,2,5,6,4,3,5,0.81807477299455
"260",3,4,4,4,2,5,4,4,3,4,4,3,1,1,1,3,5,2,5,4,5,5,3,2,4,5,5,2,3,6,0.681931810885357
"261",5,3,4,4,3,1,4,4,4,5,3,3,3,2,2,3,6,2,4,6,5,4,6,6,5,3,6,6,7,3,0.587790016426541
"262",4,3,4,3,4,4,3,3,2,4,4,4,2,3,2,3,5,5,2,5,5,6,3,3,3,4,5,4,6,5,0.912103669257047
"263",4,2,5,3,4,2,2,5,4,5,5,2,4,2,3,2,4,2,4,2,6,5,6,4,4,4,6,4,1,7,0.882768556760173
"264",3,4,4,1,2,3,2,2,1,3,2,4,3,3,1,4,7,6,6,3,4,3,4,4,6,3,3,6,7,5,0.695705135294334
"265",3,3,3,5,3,2,4,4,2,3,5,1,1,3,2,2,1,4,5,5,6,5,3,4,4,4,5,6,7,6,0.555813311603793
"266",4,4,4,4,3,2,4,3,3,4,2,3,3,4,2,3,3,2,3,5,5,4,5,3,3,3,5,6,5,4,0.356967238472112
"267",5,2,4,2,2,3,1,5,3,4,3,3,3,2,4,4,6,3,2,4,4,6,4,3,6,6,5,4,6,4,0.586274002578201
"268",5,3,3,3,5,3,2,3,2,4,4,4,3,3,4,3,4,5,6,6,5,6,5,4,4,6,6,4,4,4,0.943999758838464
"269",5,4,5,4,4,5,3,4,3,2,3,2,4,1,2,2,5,1,3,6,7,7,4,5,6,5,6,6,3,4,0.564592153229179
"270",4,4,2,5,5,4,3,4,4,2,2,2,3,2,2,1,6,3,5,4,5,5,6,4,4,4,7,3,6,5,0.682183177890906
"271",4,5,4,4,2,3,5,3,2,2,4,4,3,1,2,2,6,6,4,4,5,7,3,4,5,1,6,6,5,4,0.373800265578112
"272",5,4,4,4,4,5,3,4,3,3,4,2,3,2,2,3,5,3,3,4,4,5,4,2,2,3,6,4,5,6,0.366671030860346
"273",4,4,4,2,1,4,2,4,2,3,3,2,2,1,2,2,2,6,5,7,6,3,7,5,4,5,5,5,4,6,0.614482176558931
"274",4,4,5,3,3,5,4,4,1,5,3,3,4,3,3,4,6,5,5,4,6,5,4,2,2,7,6,5,3,6,0.608985173191326
"275",4,4,3,4,2,2,2,2,2,4,3,3,4,2,2,2,4,2,4,3,4,4,5,4,6,5,5,5,5,6,0.185247163859778
"276",5,3,5,4,4,5,2,2,3,3,3,2,1,1,3,2,5,2,4,5,4,7,6,6,7,6,6,4,6,6,0.628635384176967
"277",3,4,5,2,3,3,3,3,4,3,3,2,1,1,2,2,6,6,4,5,6,4,4,5,2,5,5,4,4,6,0.981787660155418
"278",5,4,4,5,1,3,2,4,3,3,3,4,2,2,3,4,4,4,5,3,3,5,5,4,3,6,6,2,4,3,0.6899751907499
"279",5,2,4,4,5,2,3,2,1,2,3,3,2,3,1,4,6,3,4,6,5,5,3,7,3,3,7,6,4,6,0.757318744187495
"280",4,5,4,4,2,4,4,2,3,2,3,3,4,3,2,2,6,4,2,5,6,5,5,3,3,6,4,5,3,6,1.18717674273349
"281",4,3,2,1,5,3,3,2,4,2,3,3,3,2,1,3,4,7,5,4,5,4,4,6,2,5,5,4,4,4,0.697414570569229
"282",3,3,4,4,3,3,5,4,2,2,5,4,3,4,1,3,6,3,4,6,6,7,5,5,4,5,5,4,4,4,0.651323164616161
"283",4,3,3,4,3,5,5,4,4,4,2,5,2,3,1,4,6,3,2,4,5,3,4,4,3,5,4,4,4,6,0.95255790750429
"284",4,3,4,4,1,2,3,3,3,3,5,4,3,2,1,3,4,5,1,5,4,5,5,4,4,2,6,4,5,3,0.558599483376807
"285",4,3,4,2,4,3,2,2,3,1,4,2,4,2,2,4,4,4,3,5,5,5,3,5,4,6,4,3,3,7,0.479633690393425
"286",5,5,5,5,1,2,4,2,4,4,5,3,2,3,2,5,3,3,4,6,7,4,4,4,3,5,4,2,5,6,0.60845599082038
"287",4,4,3,2,4,5,3,5,2,2,2,3,4,2,2,4,3,5,6,5,4,3,5,5,4,4,5,5,3,6,0.607226243682027
"288",3,4,3,4,2,3,4,3,3,2,3,3,2,3,3,3,3,5,1,5,3,6,5,4,2,6,5,5,3,4,0.627053052991129
"289",5,2,2,3,2,4,4,5,2,4,2,3,4,5,3,5,6,6,2,4,4,6,7,1,3,3,6,5,6,6,1.16973481299367
"290",5,2,5,4,3,3,4,5,3,3,4,4,4,3,4,4,4,2,4,4,3,4,5,5,5,6,5,3,5,4,0.709760940441192
"291",3,1,4,2,2,5,1,4,3,2,4,3,3,2,1,4,4,5,5,5,5,5,7,4,4,5,3,6,3,5,0.854663865598313
"292",4,4,4,3,2,1,5,2,4,1,4,3,3,2,3,3,6,7,2,5,6,4,4,4,5,3,5,4,5,5,0.610527808304393
"293",4,3,4,2,4,3,3,4,2,4,5,3,2,2,2,2,3,3,4,5,5,5,4,4,5,1,4,5,3,4,0.888530011258265
"294",3,2,5,3,3,4,1,4,2,3,2,3,4,2,3,4,2,5,4,5,6,7,5,4,4,3,5,4,7,4,0.569846364267998
"295",3,3,4,3,3,4,2,2,4,5,3,3,3,2,2,4,4,6,3,6,6,4,5,5,4,6,6,4,7,5,0.355246114866959
"296",3,3,2,3,3,5,4,4,2,3,3,3,3,4,3,4,5,5,4,6,4,4,4,5,3,7,4,7,5,6,0.86496021607506
"297",5,3,5,5,2,4,4,5,3,3,3,2,2,3,1,2,4,5,4,6,6,5,4,4,4,6,3,6,4,6,0.810308053320848
"298",4,5,4,3,2,4,5,2,5,2,4,4,4,4,2,5,5,5,4,4,4,5,4,4,5,5,4,3,4,7,0.528325155590017
"299",5,4,5,3,3,2,5,2,2,2,4,1,2,2,2,5,2,4,5,4,5,3,6,4,2,3,6,5,5,7,0.455764225518373
"300",5,4,3,5,3,3,1,2,2,2,5,2,4,2,2,3,5,4,4,5,5,6,4,3,3,2,6,4,3,6,0.765018306475283
"301",4,4,5,1,3,1,2,5,2,1,3,2,2,2,2,3,5,3,4,5,4,4,5,5,2,4,5,3,7,5,0.657083903854608
"302",5,4,3,3,2,4,4,4,3,5,2,2,2,2,3,2,3,7,6,4,6,4,4,4,5,1,6,5,2,3,0.710004205095102
"303",4,3,5,4,3,4,4,4,3,3,2,1,3,2,1,4,2,3,5,6,5,3,6,4,4,6,5,5,3,4,1.01615991903439
"304",4,2,4,3,2,5,3,3,3,3,5,3,1,4,1,4,3,5,4,5,4,5,6,5,3,4,7,6,5,6,0.660516892418171
"305",3,3,4,4,4,5,1,3,2,5,4,5,1,3,3,3,3,4,4,5,4,5,4,7,3,4,6,4,4,6,0.868682808168774
"306",5,4,3,5,4,3,3,5,4,3,4,2,3,1,3,2,6,5,2,5,4,5,5,3,7,4,4,5,4,6,0.973056497459719
"307",4,4,3,2,4,3,4,4,3,4,4,1,3,1,2,3,5,5,5,6,5,4,5,3,6,6,4,5,6,4,0.555247122666068
"308",4,2,4,5,3,4,3,4,2,2,5,1,1,2,3,1,3,3,5,3,4,5,5,4,3,5,6,6,4,4,0.525967377903657
"309",4,5,4,2,3,4,3,2,2,3,1,3,3,4,5,3,4,5,6,3,6,5,4,6,2,4,4,2,5,4,0.646877289045338
"310",4,3,3,3,3,3,3,3,4,1,3,4,2,3,3,2,6,6,3,5,6,4,5,7,4,5,7,5,3,5,0.230922093855234
"311",4,3,3,4,1,2,3,5,4,4,4,3,1,5,2,3,2,2,4,5,5,2,7,6,4,4,5,3,4,4,0.602156746110574
"312",4,2,3,4,4,3,4,4,3,2,3,5,2,2,1,2,6,1,5,5,5,3,4,6,7,5,6,6,7,6,0.696081367219555
"313",3,3,5,5,4,4,2,4,3,4,4,2,3,2,2,1,4,5,5,3,7,6,5,2,4,5,4,3,4,4,0.305027512412371
"314",4,4,2,4,4,4,3,2,4,4,3,2,2,1,3,4,5,3,5,5,5,2,4,5,5,6,5,4,3,4,0.566071864105104
"315",5,3,4,3,5,2,2,3,3,3,4,1,4,2,2,3,3,4,5,5,6,4,4,5,2,2,4,6,4,5,0.318790588187896
"316",5,4,3,4,2,4,2,4,2,4,2,5,4,2,2,1,4,6,5,5,3,5,5,6,5,6,7,3,5,6,0.982227028314544
"317",3,3,3,3,4,3,4,2,4,2,4,3,3,3,3,5,4,4,6,3,5,7,6,7,6,6,6,3,6,4,0.490754778830428
"318",5,3,4,5,1,4,3,5,2,4,2,5,4,2,2,5,3,3,4,5,6,5,5,4,5,6,5,2,5,6,0.523202897550955
"319",3,4,2,4,2,2,2,4,4,4,4,3,4,3,2,4,4,3,1,5,4,6,6,3,3,5,5,5,6,4,0.713674119569993
"320",5,4,3,3,2,1,2,3,4,1,4,3,4,2,3,3,1,4,4,6,5,5,6,3,3,7,3,6,2,4,0.397031570762058
"321",3,2,3,4,2,2,2,2,2,2,3,3,3,4,3,5,6,5,6,4,6,3,6,4,3,1,7,4,3,5,1.13904560089069
"322",3,4,3,3,2,3,1,2,5,3,3,5,5,1,1,2,5,4,3,4,6,6,5,4,4,3,7,3,4,2,0.618721013113901
"323",4,3,4,5,4,4,4,3,2,3,3,3,4,2,4,2,6,5,6,4,5,6,5,5,3,6,5,4,4,4,0.317868119990712
"324",5,5,4,3,2,2,1,2,3,3,4,3,4,3,3,5,5,4,6,6,7,5,5,4,2,4,6,4,7,3,0.511655640034449
"325",4,3,4,3,3,2,3,4,3,2,4,4,1,2,2,4,4,5,2,3,5,6,6,5,4,4,7,4,2,4,0.560976401599901
"326",2,4,4,3,2,3,4,2,3,3,5,2,4,2,3,5,6,4,6,3,5,6,7,3,3,7,6,6,5,3,0.685625255375009
"327",4,4,4,3,3,4,2,3,2,4,4,4,4,3,3,4,6,6,2,3,4,3,6,5,6,6,3,4,5,7,0.692583929780111
"328",4,4,5,5,4,3,3,1,3,3,2,4,3,2,2,3,6,6,5,4,5,5,4,3,6,4,6,5,6,5,0.609682922061075
"329",4,5,4,4,3,2,2,2,2,2,4,1,1,3,2,2,6,2,4,4,4,5,5,3,3,6,3,4,5,3,0.735665906960336
"330",5,1,3,2,2,3,3,2,4,2,4,1,4,2,2,2,3,3,5,7,5,3,6,5,5,5,5,6,4,7,0.107567245812058
"331",4,3,3,4,3,4,3,2,3,4,4,1,3,3,3,3,4,4,3,4,5,4,6,2,3,6,5,6,5,6,0.610836044280297
"332",4,3,4,5,3,3,5,5,4,3,4,2,3,2,4,4,5,3,2,3,4,5,5,4,4,5,5,5,3,5,0.83135142441065
"333",5,2,2,5,2,3,4,5,3,2,2,3,3,3,3,2,4,6,5,2,6,5,2,5,4,5,6,4,2,5,0.765855624625937
"334",5,3,3,2,2,4,5,3,3,4,3,3,2,2,4,4,3,6,2,5,6,4,5,6,6,3,7,5,5,4,0.865095400285979
"335",5,2,2,5,3,3,3,5,2,4,3,4,2,2,3,1,6,5,3,5,3,5,6,2,5,6,5,4,5,6,0.556444636581872
"336",5,3,5,5,4,3,1,5,3,4,1,3,3,4,2,3,4,4,5,4,5,4,6,3,4,3,4,5,5,3,0.822502770264347
"337",4,4,4,2,3,4,2,2,2,3,5,2,2,2,1,4,3,2,1,5,4,3,4,2,4,6,5,5,5,5,0.708224731249015
"338",5,4,4,5,1,4,2,1,4,4,4,2,2,3,2,4,4,4,6,4,4,5,4,6,5,7,6,4,6,5,0.479988704309913
"339",3,5,2,4,4,3,4,5,3,3,5,2,4,2,2,3,7,6,5,6,5,3,1,3,4,6,4,5,6,5,0.658847166138683
"340",5,4,4,5,1,5,2,5,3,1,4,2,3,2,2,4,5,7,3,6,5,6,4,5,2,2,6,5,5,3,0.694761592672745
"341",5,4,4,5,4,2,3,3,2,4,5,1,3,4,1,4,4,4,4,5,5,5,3,6,6,2,4,4,5,5,0.712118688257032
"342",4,3,5,4,3,2,2,2,1,2,5,5,3,3,2,4,6,3,5,4,4,6,6,2,4,6,5,5,3,4,0.390501746093541
"343",4,1,3,3,2,2,1,4,3,3,3,2,3,2,3,3,3,4,4,4,4,4,4,6,3,5,3,5,5,3,0.736842575952534
"344",4,4,3,4,5,3,3,4,3,2,5,3,2,2,2,3,5,5,5,5,6,5,6,6,2,5,4,2,5,5,0.906546309229629
"345",4,3,4,3,1,1,3,4,3,5,3,4,3,2,3,4,5,6,6,6,5,4,4,6,6,4,5,5,5,4,1.0265783628361
"346",5,3,5,4,4,4,3,3,5,3,3,3,2,2,2,4,3,4,2,6,3,6,5,2,5,4,5,7,4,3,0.428516592597439
"347",4,4,3,3,2,3,1,4,2,3,4,4,2,3,2,3,6,5,3,3,5,7,4,3,5,5,7,6,3,5,0.910040263782983
"348",4,4,2,5,3,4,5,5,3,3,4,2,2,3,2,1,6,4,4,4,4,6,6,7,1,6,7,6,5,4,0.903431318376294
"349",4,3,3,2,2,4,5,5,4,2,3,5,3,1,3,3,2,4,5,4,4,4,5,5,4,4,6,6,7,5,0.631542624434148
"350",4,4,4,3,5,3,4,2,3,4,4,4,3,3,1,4,5,5,6,6,4,2,3,1,5,2,6,4,2,5,1.16398877688501
"351",3,4,4,4,1,5,5,2,4,4,3,3,2,3,1,1,4,5,5,3,4,3,2,5,3,2,6,6,7,5,0.885420341833394
"352",3,4,2,3,2,4,4,3,3,4,3,3,3,3,3,1,6,4,2,4,7,3,5,3,2,1,5,6,2,5,1.18002439772666
"353",4,4,3,4,4,5,2,4,3,3,2,4,3,2,1,2,7,5,3,3,6,5,5,3,3,5,6,2,7,6,0.928732481615944
"354",5,4,5,3,4,3,3,4,3,4,4,1,2,1,1,2,4,5,4,4,3,4,3,4,5,4,5,5,6,2,1.04043284139196
"355",5,4,3,3,3,4,2,3,1,3,2,3,4,1,3,2,1,3,3,5,4,3,4,3,3,1,6,4,3,4,0.349493164537076
"356",3,4,3,3,3,3,3,5,2,3,5,4,3,3,1,3,3,4,5,6,5,4,4,5,3,3,5,3,7,3,0.251287061059311
"357",4,3,4,4,3,4,1,3,4,2,4,2,3,3,2,1,6,6,5,6,5,5,4,6,5,5,5,6,3,5,0.59082875057538
"358",4,4,4,4,1,3,1,2,3,3,4,3,3,3,2,2,7,4,2,5,4,6,6,6,4,3,4,5,4,5,0.0691466394437598
"359",4,4,4,4,1,4,3,3,3,4,4,2,3,3,2,4,3,4,3,3,4,5,6,2,5,2,6,7,5,4,0.784823026694685
"360",4,2,2,4,3,5,1,4,1,3,5,3,3,2,2,1,5,6,3,3,6,6,4,5,5,5,3,3,4,4,0.172873212551817
"361",5,2,5,4,2,5,3,3,3,5,4,3,4,2,3,4,3,2,6,5,5,4,4,4,5,3,5,5,4,4,0.544007022488053
"362",3,5,4,4,5,3,4,3,4,2,2,1,3,2,2,3,4,4,6,5,5,5,4,5,7,5,5,4,7,7,0.913982638697821
"363",4,4,3,3,5,2,3,3,3,4,3,2,2,1,1,4,4,7,5,5,7,4,6,6,2,4,2,5,4,5,0.436269719913455
"364",5,2,5,4,4,3,2,5,4,2,4,4,3,3,2,2,4,2,1,3,3,4,3,5,4,3,5,4,1,5,0.633429147061224
"365",4,4,5,4,2,3,3,3,4,4,3,2,4,1,2,4,5,4,5,1,4,5,7,6,6,3,5,5,4,7,1.22209026566306
"366",4,2,4,3,2,3,2,4,2,4,5,3,2,1,3,3,5,3,3,5,7,6,6,2,5,4,5,3,5,6,0.350781223684927
"367",3,4,3,3,3,3,4,4,4,4,3,2,2,2,2,3,7,2,6,5,7,6,6,2,3,3,5,5,3,4,0.731333521471334
"368",4,4,3,3,3,3,4,2,2,4,2,3,2,1,3,5,4,4,3,7,6,3,7,4,3,3,6,4,7,5,0.655476633673551
"369",5,4,4,1,2,5,5,3,3,3,5,3,3,2,2,1,4,5,4,5,5,4,5,4,4,3,4,3,6,5,0.498641481882299
"370",4,5,3,5,4,3,3,4,5,3,2,1,3,2,2,3,6,4,5,3,4,5,4,6,5,2,5,5,5,5,0.323761715314681
"371",4,5,4,4,4,1,2,3,2,2,5,2,3,2,3,2,6,4,2,5,5,5,5,5,1,5,5,4,4,6,0.622444697705653
"372",4,3,4,4,1,3,3,3,2,4,2,2,2,4,3,2,4,6,6,4,3,4,5,6,4,4,3,5,5,6,0.140354672540222
"373",4,5,5,2,2,3,4,2,5,4,3,4,4,2,1,2,4,4,5,6,5,7,3,4,5,5,4,7,6,4,0.382540239561327
"374",4,4,4,4,1,1,3,1,1,3,2,1,2,2,4,2,4,6,5,5,4,2,5,6,6,3,7,1,5,2,-0.277859746313571
"375",4,3,5,5,5,4,3,2,3,3,3,5,4,2,1,2,6,7,4,5,4,5,5,5,6,4,5,6,5,4,0.903521835585197
"376",5,5,4,4,2,4,4,4,3,2,3,2,4,2,1,2,6,5,5,4,4,3,4,5,5,5,4,5,4,6,0.715969469236234
"377",5,3,3,3,1,3,4,3,3,2,4,2,3,3,2,3,3,5,6,7,5,5,5,4,5,5,7,6,6,6,0.825583062860633
"378",5,2,4,4,5,4,2,2,4,3,4,3,3,3,3,4,7,4,5,4,5,4,5,5,5,7,7,4,5,5,0.249942584540967
"379",4,5,2,4,3,3,4,2,2,2,3,4,1,4,2,3,6,5,4,3,6,5,3,5,5,6,5,5,6,5,0.421961879217262
"380",5,4,4,5,3,3,2,5,3,3,3,5,3,3,4,4,4,7,3,6,5,4,4,4,5,5,5,3,4,4,0.481602980569378
"381",4,2,4,3,2,3,1,2,4,2,3,2,1,4,2,3,6,2,3,4,4,4,5,3,6,5,7,6,3,6,0.725305424167319
"382",4,3,4,4,5,5,2,3,5,3,3,3,3,2,2,1,2,4,3,4,4,4,6,7,5,5,6,6,7,6,0.150508134365874
"383",4,3,5,2,3,4,3,3,2,4,3,2,2,2,2,1,2,5,5,4,5,6,5,5,3,3,6,6,5,6,0.497639734669696
"384",4,3,4,3,3,4,1,2,1,2,4,2,4,4,3,4,4,5,1,4,5,6,5,2,4,5,4,5,5,6,0.478064979576388
"385",4,4,4,4,3,2,3,4,1,4,4,4,4,2,2,4,3,6,3,5,5,6,4,7,6,7,4,4,5,7,0.590408456731527
"386",4,2,3,4,3,5,1,4,4,2,3,2,2,1,4,3,4,5,3,5,6,5,6,5,3,6,5,6,4,4,0.657204171314528
"387",4,4,5,4,4,4,5,3,4,5,5,5,5,2,2,4,3,5,2,4,5,4,6,2,5,6,5,5,6,4,1.00086858050208
"388",3,3,4,3,4,4,1,3,5,3,2,5,2,3,2,3,6,6,3,4,5,7,5,4,3,4,5,5,3,6,0.723015102991013
"389",4,3,4,3,4,5,4,4,2,2,3,5,5,2,2,2,3,6,4,4,7,5,3,6,4,5,4,5,5,5,0.828169756981008
"390",5,4,5,4,2,3,3,4,3,5,3,3,3,3,2,3,3,6,6,6,6,4,2,5,4,5,5,5,5,4,0.666032220130486
"391",4,3,4,3,3,4,4,1,4,4,3,2,3,3,2,3,5,2,2,3,5,6,2,7,3,5,4,3,3,4,0.67192759097933
"392",3,3,4,5,4,4,2,4,4,2,3,3,3,2,2,2,3,6,3,5,5,5,5,7,3,4,6,6,5,4,0.631438166214885
"393",5,4,4,4,2,2,1,5,4,2,3,1,2,2,2,3,4,4,4,5,6,5,4,4,5,6,4,4,4,4,0.650512830440006
"394",5,4,5,4,3,2,2,2,3,3,2,3,3,2,2,4,5,4,7,5,5,6,6,5,2,5,6,3,2,2,0.979475707162897
"395",3,5,3,3,4,3,3,3,1,3,4,2,4,1,3,3,6,4,5,5,6,5,6,3,6,6,6,5,4,7,0.870725674873299
"396",4,4,4,5,1,2,3,2,1,4,1,1,2,3,2,2,5,6,2,5,3,5,5,6,5,4,7,5,6,5,0.437343225577142
"397",4,4,3,2,2,5,3,3,2,2,4,3,3,2,2,4,5,6,5,4,6,3,5,5,4,6,5,5,6,4,0.692241396534467
"398",3,4,4,4,2,3,2,4,3,3,2,3,4,1,3,4,4,3,5,3,5,4,4,5,5,4,5,6,5,5,0.35861654025282
"399",5,3,3,4,3,4,3,2,4,4,1,3,3,2,2,3,5,6,3,4,5,6,5,3,6,5,5,5,5,5,0.638952947541966
"400",4,4,3,4,3,4,3,1,5,5,1,3,4,3,1,1,3,2,5,5,5,6,5,3,4,6,4,5,6,4,0.920094941657871
"401",5,3,4,5,3,3,1,3,3,5,4,4,4,1,3,2,5,4,4,5,5,4,2,5,3,2,5,6,4,2,-0.122152609572166
"402",4,4,2,3,3,2,2,4,2,4,3,3,2,2,5,2,5,3,3,5,4,4,4,6,4,5,3,6,5,4,0.524045596751072
"403",4,4,4,4,4,3,2,3,2,1,2,3,4,3,3,4,4,5,5,5,6,3,7,1,6,6,5,5,2,5,0.719446162256729
"404",5,5,5,2,4,2,4,3,1,3,3,1,2,2,2,4,4,4,4,6,3,4,6,6,3,5,5,3,4,6,0.786505565731553
"405",4,4,2,1,3,3,4,4,2,4,3,4,3,3,2,2,5,6,5,3,3,6,5,5,4,4,4,5,5,4,0.548076711253125
"406",5,3,3,4,4,3,4,3,1,4,5,4,5,3,3,3,5,5,5,6,5,7,7,6,3,5,2,4,5,6,0.400587374460285
"407",5,3,4,3,2,3,5,3,4,4,4,1,3,1,4,4,6,6,3,6,7,5,4,3,4,6,3,7,5,4,0.379974200508854
"408",5,4,4,4,2,4,3,3,4,4,3,3,3,1,3,4,3,4,5,6,5,5,4,4,2,3,7,4,3,6,0.643777750355345
"409",3,2,3,3,3,2,4,4,1,3,3,4,4,2,2,3,4,6,4,4,6,5,7,5,4,6,7,6,5,4,0.572304624404409
"410",4,3,5,2,4,3,2,3,3,3,5,4,2,1,3,4,6,4,2,5,5,6,2,2,4,5,3,4,5,4,0.0362772724010266
"411",5,4,4,2,3,2,4,5,2,4,3,3,4,2,3,5,4,5,5,5,3,5,5,4,4,3,6,4,6,4,0.512251342893075
"412",3,5,3,4,4,5,4,3,2,4,4,4,2,2,1,4,4,5,5,7,5,5,4,4,5,3,5,5,6,6,0.324186134143151
"413",4,1,4,3,4,3,4,2,3,4,1,3,3,3,4,3,5,4,3,5,5,4,4,4,5,3,4,5,5,7,0.410513206191098
"414",5,4,3,4,3,3,3,2,2,3,4,3,5,2,3,4,4,4,5,5,6,5,2,5,1,3,6,5,1,5,0.381973526998644
"415",4,2,3,1,2,4,4,3,4,3,4,3,4,3,3,5,3,5,5,6,5,7,3,2,5,3,6,6,4,4,0.194984847420773
"416",5,4,4,2,2,3,2,4,2,4,5,3,3,2,2,5,6,4,4,5,5,4,7,5,4,4,5,7,5,3,0.672461608746161
"417",3,4,3,1,2,4,4,5,1,2,2,1,2,2,2,4,6,3,7,6,6,3,5,3,5,5,3,2,5,6,0.665684015539657
"418",4,2,4,3,3,4,2,2,3,3,4,3,3,1,2,4,5,4,1,5,5,3,4,2,4,4,5,7,3,5,0.415129725960898
"419",4,4,3,4,2,2,3,4,4,4,4,4,4,2,2,3,5,4,4,5,4,5,4,4,4,6,5,5,6,6,0.54500010213222
"420",5,3,5,3,4,3,4,4,3,3,3,5,3,2,3,4,3,5,2,5,5,4,5,6,5,3,4,5,4,4,1.02665277149785
"421",5,3,4,5,3,4,3,4,5,3,5,2,1,2,3,2,4,4,1,4,6,7,6,3,4,6,6,3,2,4,0.824898743337837
"422",5,2,4,4,4,4,1,3,2,3,3,4,2,3,3,3,2,5,2,6,6,5,5,6,4,6,4,5,4,3,0.458371901625528
"423",5,4,2,4,2,3,1,4,3,3,4,5,1,3,2,1,3,6,7,4,4,6,3,2,2,6,3,3,5,5,0.57281383259718
"424",5,5,3,4,2,2,5,4,4,3,3,3,2,2,3,5,7,6,2,6,4,6,4,2,5,4,6,4,6,6,0.715089148332451
"425",4,4,4,2,4,5,3,1,5,3,4,4,3,2,1,4,6,2,2,6,5,5,5,4,3,3,4,5,1,5,0.815167038049349
"426",4,5,3,4,2,4,3,4,4,3,3,2,2,1,2,2,5,4,3,5,6,6,6,4,4,5,4,5,4,5,0.74435583841143
"427",5,5,5,3,4,2,3,1,2,4,2,4,2,2,2,4,5,4,3,4,5,2,6,5,2,4,5,6,2,2,0.455678287742267
"428",4,3,3,2,3,3,2,3,2,4,1,5,4,3,3,2,3,6,4,3,6,5,3,7,4,3,5,4,3,3,0.589518450293186
"429",4,4,5,2,2,4,5,3,4,3,2,2,2,4,4,3,3,6,5,4,6,4,4,3,5,6,5,6,5,6,0.789290795829679
"430",5,3,3,3,4,4,5,3,2,4,4,3,2,1,2,4,5,6,2,4,7,5,6,7,4,6,5,4,3,4,0.851707463840917
"431",5,4,4,3,2,3,2,3,2,3,2,2,3,4,3,2,6,5,3,6,6,7,5,5,5,4,5,6,5,3,0.229467579116358
"432",4,4,3,3,2,3,4,1,5,3,4,1,3,4,2,4,2,5,2,5,4,5,3,5,2,4,3,1,4,4,0.64158874281619
"433",4,2,3,3,3,1,1,3,3,3,4,3,4,2,1,1,5,6,5,4,5,7,5,4,6,4,5,3,4,7,0.34731901745443
"434",5,3,4,3,3,2,3,1,2,1,5,4,3,4,1,2,3,4,4,6,2,5,5,6,3,5,6,2,5,6,0.787892253117241
"435",3,2,4,5,4,1,3,4,5,3,3,3,3,2,4,3,3,3,4,5,3,4,3,3,3,5,6,6,4,7,0.455248928535217
"436",4,4,4,2,2,2,2,1,5,2,2,2,1,3,3,2,3,2,5,4,5,4,6,3,5,4,5,4,4,2,0.816044275206202
"437",5,3,5,3,4,4,3,4,4,3,3,3,2,4,1,2,2,6,5,7,5,4,2,4,4,7,5,5,1,4,0.522168486225595
"438",5,2,5,4,3,4,3,4,2,4,3,1,2,2,3,3,5,6,3,6,5,4,6,4,5,4,5,6,3,4,0.398619095086151
"439",5,4,5,3,2,4,1,4,3,3,3,4,3,3,1,2,3,5,4,6,6,5,5,5,2,3,4,4,4,2,0.774581219046593
"440",3,3,4,3,4,2,2,3,2,3,2,3,3,2,2,4,4,5,4,6,5,3,7,5,6,4,5,5,4,5,0.172920754168992
"441",3,4,3,3,2,2,2,5,2,4,3,1,4,3,2,3,4,1,5,3,6,4,5,6,5,4,4,7,3,6,0.494476270937985
"442",3,4,2,4,2,2,2,4,5,1,2,4,3,3,3,2,7,4,3,4,5,3,4,3,5,5,4,5,4,5,1.00636986918296
"443",3,5,4,5,4,4,3,4,3,3,2,2,3,2,2,5,4,3,6,3,7,6,7,4,3,2,5,4,1,4,0.563767670479927
"444",4,5,4,2,3,4,1,3,2,3,3,4,1,4,3,3,6,4,4,5,6,2,6,6,7,6,6,2,3,5,0.791801788296939
"445",4,5,3,4,4,4,5,4,3,3,5,5,4,3,3,2,5,4,5,4,4,4,6,6,2,6,6,5,3,4,0.409695082450945
"446",4,5,5,4,5,4,2,5,3,3,4,4,3,1,4,3,3,3,4,3,5,4,4,5,3,6,5,5,4,3,0.932905291768736
"447",4,4,4,3,3,2,2,2,3,3,2,4,4,3,3,3,6,4,3,6,5,2,3,4,7,5,6,6,2,6,0.451849424206274
"448",4,4,4,3,4,4,4,2,2,4,1,3,3,1,2,2,4,5,2,6,5,3,4,6,5,4,5,4,6,5,0.902505298955716
"449",5,3,5,3,4,2,3,4,3,3,3,5,2,3,3,2,6,6,5,6,5,5,5,4,2,5,5,6,4,6,0.810810095966229
"450",4,5,4,4,3,3,2,2,3,4,2,5,2,3,1,3,3,6,4,5,4,2,6,5,3,3,2,4,5,4,0.659261029069264
"451",3,3,4,5,2,3,5,2,2,3,3,3,4,2,2,5,4,2,5,4,5,6,6,5,6,6,6,4,6,4,0.179061044263172
"452",5,3,4,2,3,4,4,4,3,1,3,5,3,3,1,4,6,2,4,4,5,5,6,4,5,2,5,3,1,5,0.65921352384564
"453",3,5,4,4,1,1,5,4,4,4,3,2,4,3,2,4,4,3,4,3,6,4,3,2,5,5,5,4,4,4,0.539308579334152
"454",4,3,5,3,3,4,3,4,2,4,5,3,2,3,2,2,4,4,4,3,5,6,3,5,6,3,4,5,5,5,0.783765524168865
"455",5,5,3,2,4,3,1,4,4,2,1,3,3,3,3,3,4,6,4,4,4,4,6,6,4,4,5,5,2,5,0.536237701181952
"456",5,4,4,1,3,2,2,2,5,5,4,4,2,2,2,2,3,3,3,6,6,6,5,3,3,4,6,4,7,7,0.927688713706401
"457",4,2,5,4,4,2,3,5,4,3,4,4,3,3,3,4,3,4,4,3,6,6,5,5,3,6,6,3,4,6,0.278065796362774
"458",5,4,5,2,2,5,2,4,4,3,4,2,2,1,3,3,4,4,6,4,4,6,7,2,6,2,6,2,2,6,0.395975761167316
"459",3,4,4,2,2,3,2,2,1,2,3,4,3,1,1,3,4,2,3,4,6,5,6,3,6,4,4,5,4,3,0.421294324781438
"460",4,3,3,2,4,3,3,2,3,4,1,4,3,2,1,2,4,3,5,4,6,5,7,6,4,6,3,3,7,5,0.648776920200406
"461",4,3,3,5,3,3,2,3,5,5,4,3,2,3,3,3,6,3,4,2,5,4,4,4,3,4,5,4,4,6,0.688936264334471
"462",4,4,3,2,4,4,4,5,5,1,1,3,4,2,1,4,7,6,2,5,6,4,6,4,6,2,6,6,1,5,0.58945189296488
"463",3,3,3,4,3,2,3,3,3,2,5,2,2,1,1,4,5,4,5,4,7,5,6,5,5,5,6,3,3,5,0.48427301411443
"464",4,4,3,4,2,4,4,4,3,2,4,4,2,1,3,4,3,7,5,4,6,3,5,6,4,7,6,4,6,6,0.437164253093794
"465",3,2,4,2,3,3,2,3,4,3,3,4,2,1,3,4,3,4,3,5,6,3,4,4,5,5,7,4,4,5,0.535460334729842
"466",5,4,3,4,4,3,4,3,5,1,3,3,2,2,4,3,5,5,6,3,3,5,4,3,4,4,3,6,5,7,0.759514434880502
"467",4,2,4,2,4,2,3,4,4,1,3,1,3,4,2,3,3,5,3,6,6,4,5,5,5,6,6,5,5,3,0.821630480664502
"468",4,3,4,4,2,4,1,4,2,4,3,2,2,3,3,3,3,5,1,4,7,5,7,3,6,5,5,5,2,4,0.465783161769628
"469",4,3,3,3,1,4,1,1,3,3,4,2,3,1,2,2,3,5,5,4,3,4,4,5,2,4,7,5,4,6,0.545843228089716
"470",5,4,2,2,3,5,5,5,2,3,2,1,3,3,3,3,5,3,4,5,4,3,2,3,5,3,5,3,4,5,0.510099786090436
"471",4,4,3,2,4,2,3,3,3,2,3,4,3,1,2,4,5,3,4,5,7,5,6,5,7,3,6,2,3,5,0.731720893557782
"472",4,3,5,5,3,4,4,4,2,2,5,3,5,5,4,2,4,3,4,3,4,6,4,6,1,4,5,3,1,5,0.41744229226361
"473",3,3,2,3,4,3,4,3,2,3,5,2,3,3,3,4,6,5,4,3,4,2,5,2,5,7,6,2,6,5,0.969083768408788
"474",4,2,5,4,1,3,3,3,2,2,5,1,3,2,1,4,5,6,5,5,4,4,4,5,5,4,7,4,6,5,0.696452272650238
"475",5,3,4,4,1,3,2,4,1,4,4,4,2,2,2,3,5,4,2,6,6,3,5,4,5,3,4,4,4,5,0.919432002089347
"476",4,3,2,5,3,2,2,2,4,3,3,2,3,2,2,3,3,5,4,3,6,4,5,5,4,3,6,3,4,7,0.902740153115798
"477",4,4,4,4,2,3,2,3,5,3,3,4,3,4,3,4,4,4,1,5,4,4,6,2,5,4,6,4,4,4,0.713644711074047
"478",5,4,5,3,2,3,3,3,2,3,2,5,5,1,2,3,3,2,4,4,5,4,3,4,3,5,4,5,4,4,0.513505780300373
"479",4,4,3,5,3,2,3,3,3,4,3,4,2,2,2,3,7,4,3,4,6,5,6,3,4,3,3,5,6,4,0.551509232178552
"480",4,3,4,3,4,3,2,2,3,3,2,3,2,3,2,4,6,4,1,5,5,5,6,5,4,4,4,7,6,7,0.49190629043235
"481",5,2,5,3,2,4,3,2,3,2,4,4,3,4,2,4,5,4,2,3,4,6,6,4,4,4,4,3,3,3,0.892640969687852
"482",3,5,3,4,4,4,4,4,1,2,1,3,1,4,1,2,4,6,4,5,6,4,4,3,3,5,5,5,7,6,0.23290461607985
"483",4,4,2,2,3,4,3,2,2,3,3,3,2,2,2,3,6,4,4,4,4,5,4,4,1,5,3,3,5,6,0.110259284695494
"484",5,4,3,2,4,2,3,1,1,1,5,3,4,2,1,3,3,4,4,4,5,5,4,5,2,5,4,4,2,5,0.920481390317223
"485",3,4,3,5,4,3,4,4,3,3,4,3,2,5,3,1,3,6,7,4,5,4,4,5,4,5,6,4,4,5,0.708342855082264
"486",4,4,4,4,4,2,4,3,3,4,3,1,2,3,2,2,1,3,3,5,5,5,5,3,5,3,4,6,4,5,0.910261825010582
"487",5,4,2,4,2,5,1,4,5,3,2,4,3,3,2,2,2,5,3,4,5,5,4,2,5,4,4,3,4,6,0.595415256127315
"488",4,3,3,4,4,2,3,4,2,3,4,3,3,3,2,3,3,6,6,5,5,4,6,5,4,5,4,1,3,4,0.571581339975646
"489",5,4,4,2,3,3,3,3,2,5,2,3,4,2,1,4,5,3,6,4,4,3,3,5,4,5,7,5,6,6,0.460291459063255
"490",5,4,4,2,3,4,5,1,2,2,5,1,3,2,1,3,3,6,6,5,4,6,3,4,4,7,4,6,6,6,0.438364935664609
"491",5,5,4,2,2,3,1,4,2,4,2,4,3,2,3,5,2,3,4,5,5,4,6,4,3,4,6,5,5,4,0.510024625968518
"492",3,4,3,3,3,3,2,2,4,1,3,4,4,2,2,5,4,5,5,4,7,4,4,4,1,4,5,5,3,3,0.599582089256696
"493",3,4,4,4,2,2,3,5,5,5,3,5,1,3,2,4,4,1,3,4,5,4,6,5,4,5,7,6,2,5,0.533510997450869
"494",4,3,4,3,2,3,3,1,4,3,4,2,2,2,3,3,5,4,5,4,6,6,4,6,4,4,4,3,3,6,0.426673566451503
"495",4,3,2,2,3,1,2,4,3,5,1,1,3,2,3,2,5,5,3,6,6,5,3,5,5,3,4,5,7,6,0.608672204573955
"496",5,3,3,3,4,4,2,1,2,2,2,1,2,3,3,2,5,1,3,6,5,3,4,3,3,4,4,6,4,4,0.668535890366221
"497",5,3,3,2,3,4,2,2,4,4,3,1,2,1,4,5,4,2,7,4,6,4,5,5,3,6,6,6,4,6,0.25615053607918
"498",4,3,3,2,3,4,3,3,3,2,4,3,4,1,1,4,2,5,4,5,4,6,5,3,6,5,5,6,4,3,0.688848314426384
"499",5,4,4,3,3,3,2,4,3,4,3,3,3,2,3,4,5,6,4,3,4,4,4,6,5,4,6,2,5,6,0.565383392679633
"500",4,4,2,2,4,2,4,2,2,3,4,2,5,3,3,3,4,4,4,4,4,5,6,5,4,5,4,5,3,6,0.490284884337464
"501",3,3,3,4,3,2,3,3,2,4,4,4,2,1,2,4,5,2,5,6,6,4,3,4,5,6,6,5,4,5,0.758443630231204
"502",4,5,3,4,2,2,3,4,2,4,4,2,2,3,2,4,4,7,7,3,5,5,4,4,5,5,5,3,6,4,0.337372190796109
"503",4,4,4,4,3,4,2,3,3,4,4,5,3,1,2,2,6,6,4,3,6,4,6,6,2,4,4,4,4,6,1.10346539860713
"504",5,4,2,5,2,2,3,2,2,2,3,1,1,3,3,4,2,7,2,5,3,4,2,3,5,5,7,4,6,3,0.538914216913843
"505",5,2,2,4,1,3,5,3,2,2,3,3,4,2,1,5,3,5,5,5,3,5,4,7,3,6,4,4,6,5,0.904069032849739
"506",4,4,4,3,3,2,3,1,3,4,4,2,2,4,2,3,5,5,5,4,5,6,6,4,2,5,5,3,4,4,0.222922279409912
"507",3,3,4,1,4,2,3,3,3,4,4,3,3,3,2,3,6,5,3,4,6,4,6,3,5,4,5,4,4,6,0.495894400294263
"508",3,2,3,3,2,5,1,4,4,4,3,2,3,3,2,2,4,4,3,7,4,7,2,3,3,4,4,2,3,5,0.0183642671546933
"509",4,5,4,3,4,4,4,1,4,2,3,2,1,3,1,3,4,3,6,4,6,6,5,5,3,3,5,4,7,5,0.329767171035501
"510",4,2,5,2,4,2,4,3,3,1,4,4,4,3,2,2,3,5,7,4,6,6,4,6,4,6,3,4,6,5,1.06136607643684
"511",4,4,4,2,3,3,3,4,3,3,3,2,2,2,2,2,5,6,2,4,5,4,4,5,6,5,4,6,3,5,1.01722843234191
"512",5,5,3,4,2,2,3,2,3,5,3,5,2,2,2,2,5,6,4,5,6,2,5,2,3,3,4,4,5,5,0.581521866668347
"513",4,4,3,4,4,3,5,5,2,4,3,3,3,2,1,2,5,5,4,5,5,6,5,4,5,4,4,5,4,2,0.355481823333109
"514",5,3,5,4,2,2,4,3,2,1,4,1,3,3,1,1,4,4,3,5,6,4,5,4,6,6,4,4,5,5,0.795657139050298
"515",4,3,3,4,3,2,4,3,3,4,3,2,4,2,4,3,6,6,5,6,4,5,6,6,6,5,5,7,2,2,0.599532068811555
"516",5,4,4,4,5,3,2,5,4,4,3,2,4,2,3,3,5,5,3,3,4,4,5,5,7,5,6,6,6,5,0.235009439677328
"517",4,4,5,3,3,3,4,3,2,2,3,3,4,2,2,3,5,3,2,4,4,5,4,5,4,4,3,3,5,5,0.960567971565965
"518",4,5,4,5,4,3,3,4,3,4,3,3,3,3,4,4,3,5,6,5,4,4,5,6,3,3,6,3,3,2,0.961085290774024
"519",3,3,2,4,3,3,2,5,3,3,3,3,4,2,1,3,4,4,6,5,5,6,3,4,5,6,5,6,3,7,0.174469374473865
"520",5,4,3,5,2,2,3,5,3,5,3,4,2,3,2,3,3,6,7,5,5,3,4,3,3,4,7,3,5,3,0.698375544509459
"521",3,5,4,3,5,4,3,4,4,2,3,3,3,3,2,1,3,2,5,4,5,5,5,4,5,3,4,5,6,3,0.717532563302673
"522",4,3,3,5,2,2,2,4,5,5,2,1,3,1,5,5,6,6,1,5,5,4,5,6,2,6,6,4,4,4,0.207998299814384
"523",4,3,4,5,3,4,3,2,3,3,2,3,2,2,2,3,5,6,4,6,7,4,5,6,5,4,6,4,6,2,0.307861557183864
"524",4,3,5,3,4,4,5,5,5,2,4,3,1,4,3,5,6,2,5,5,5,7,4,6,2,2,5,3,4,6,0.145051976063376
"525",4,5,4,3,4,5,2,4,2,4,3,5,2,1,3,2,4,5,6,5,4,3,6,5,5,6,5,5,4,5,0.34782798932082
"526",4,3,5,4,2,3,5,2,3,1,4,2,4,2,2,1,5,4,5,3,4,3,5,4,6,4,6,5,2,6,0.813088881561512
"527",4,5,5,4,3,4,2,2,4,2,4,2,3,3,2,2,3,2,5,5,4,6,3,5,5,5,6,4,3,6,0.456080444885688
"528",5,4,3,3,2,1,4,5,4,5,2,2,3,3,3,2,6,4,7,7,6,5,3,5,4,6,5,6,6,5,0.458107581409925
"529",5,4,4,3,4,5,3,4,2,4,4,2,4,3,3,3,7,5,3,2,4,6,3,4,1,4,5,5,3,6,0.650273834855919
"530",5,3,4,2,4,3,4,3,2,3,5,3,2,2,2,1,5,3,3,7,7,4,4,1,3,3,4,5,3,4,0.407502560253187
"531",5,5,3,4,4,4,3,3,3,4,2,2,2,4,2,3,3,3,3,4,7,6,4,4,2,5,5,2,2,4,0.764997519426235
"532",3,4,2,2,5,4,5,5,3,4,4,2,2,2,3,2,4,1,5,3,7,6,5,5,6,5,7,5,2,5,0.261163972373165
"533",5,4,4,4,3,3,4,5,3,2,2,2,3,2,4,2,3,4,1,5,6,2,2,3,4,6,4,4,3,6,0.414680373195388
"534",5,3,3,3,2,2,3,2,4,2,3,4,2,3,2,5,7,3,5,5,6,5,6,6,5,6,5,6,3,5,0.549945782162378
"535",4,4,3,2,2,2,3,2,2,3,4,1,2,2,3,4,4,2,4,3,6,5,5,3,3,3,6,5,5,6,0.514166425566305
"536",4,3,4,4,3,3,3,2,5,2,4,3,5,1,2,2,3,5,4,6,4,4,4,5,5,5,6,6,2,7,0.572131977595715
"537",5,4,2,5,4,3,2,4,3,4,3,2,2,3,2,3,5,6,4,6,5,5,5,2,3,3,6,2,3,5,0.137777528085133
"538",4,5,3,2,4,5,2,3,4,4,3,3,3,3,2,3,6,2,6,5,6,4,2,4,2,6,3,6,2,5,0.617046282326738
"539",2,2,4,4,2,2,3,5,1,4,2,4,3,4,3,2,7,4,4,4,6,1,4,6,4,4,5,5,5,3,0.697405024341733
"540",5,4,2,3,3,2,4,4,2,4,1,5,2,2,4,3,3,6,3,5,5,3,6,3,2,5,6,6,4,6,0.212495542917214
"541",4,3,5,4,2,3,1,3,1,3,1,2,2,3,3,3,4,3,2,4,7,4,3,3,3,4,5,2,7,4,0.838458334787319
"542",4,3,3,4,3,5,4,3,3,4,4,2,4,3,3,4,4,2,4,6,5,7,3,4,3,3,6,6,3,5,0.523781451148834
"543",5,5,5,5,3,1,4,5,3,2,2,5,2,1,2,5,3,4,4,5,6,5,4,5,3,4,4,5,6,6,0.420526970296512
"544",5,2,4,4,5,3,2,2,3,1,1,2,3,2,1,4,3,3,3,5,6,2,4,2,3,5,5,6,2,5,0.170756951840106
"545",4,2,4,4,3,3,4,3,4,3,3,2,1,2,2,2,5,4,2,7,6,4,6,5,2,5,4,7,4,6,0.523137086776853
"546",4,4,3,2,4,2,1,5,2,2,3,3,2,2,3,3,3,2,3,4,5,5,5,5,6,7,5,5,6,5,0.829610457200192
"547",4,2,1,3,3,3,3,3,4,2,3,5,5,2,3,3,5,6,6,6,5,3,3,3,4,5,5,6,2,5,0.582700009881932
"548",4,3,4,3,3,4,3,2,1,2,3,4,3,2,3,1,4,5,6,6,6,5,5,3,5,2,6,6,7,5,0.530808396658508
"549",5,4,4,5,3,4,4,4,2,3,3,1,3,2,1,3,5,4,1,5,5,6,2,4,5,7,5,4,5,5,0.69075017572632
"550",3,3,4,4,1,3,2,1,2,2,3,2,2,1,3,4,3,4,3,5,3,5,6,5,4,5,4,3,6,6,0.57660113628712
"551",4,4,4,4,2,4,5,3,1,3,2,3,4,4,2,5,3,5,4,5,3,5,4,5,2,3,6,2,4,5,0.721831285520638
"552",5,4,3,3,4,3,4,2,3,2,3,2,3,3,3,4,2,4,4,6,4,5,5,4,5,6,4,6,4,4,0.349861762962509
"553",5,5,5,3,2,3,2,4,5,4,3,3,2,4,2,2,5,4,5,7,5,5,4,6,5,4,4,5,6,3,0.0245677137814032
"554",4,4,4,1,3,2,2,2,3,5,1,2,4,2,3,2,5,2,2,6,5,6,5,2,4,4,6,4,4,5,0.318342451723131
"555",4,4,3,5,3,5,3,5,2,3,4,2,4,2,2,3,2,5,6,5,6,4,4,6,5,5,5,4,4,6,0.769164888674838
"556",5,5,5,5,3,4,2,5,3,4,4,2,2,3,2,4,1,4,6,2,5,5,3,4,5,5,6,5,3,5,0.710961005156368
"557",5,4,3,3,4,5,1,5,5,5,5,3,4,1,3,3,6,3,5,4,4,5,4,4,6,5,2,6,4,5,0.895115948404993
"558",5,4,3,4,3,4,4,5,4,3,3,2,4,3,1,3,5,3,1,5,6,5,6,3,4,3,5,2,4,6,-0.0357414429330206
"559",5,4,4,4,3,2,2,4,2,4,3,3,3,4,2,2,3,5,4,6,5,5,6,5,5,5,6,5,2,7,0.513645053720225
"560",5,2,3,4,4,2,3,2,1,4,5,5,3,2,1,4,3,6,4,4,6,4,5,3,3,4,7,5,5,6,0.542811901527041
"561",4,3,4,4,3,4,4,1,2,2,4,2,2,3,2,3,6,2,4,5,4,6,4,5,5,6,3,4,6,5,0.644424257789383
"562",3,4,4,4,3,3,2,2,3,3,2,4,2,1,3,3,6,6,2,3,7,2,6,5,3,5,5,6,4,4,0.741404717614654
"563",4,3,3,3,2,1,2,1,3,2,2,3,3,1,2,2,2,5,3,5,6,6,4,2,5,4,6,4,2,3,0.749934465320034
"564",4,3,4,3,4,5,3,2,3,5,3,3,4,2,3,4,4,4,4,4,7,5,7,4,2,5,5,3,4,5,0.620998642191596
"565",5,4,3,4,2,2,2,4,3,3,2,4,3,2,3,3,4,4,4,4,5,6,7,4,4,2,6,7,4,3,0.608189181867217
"566",4,4,3,4,3,2,4,3,3,2,2,4,2,4,2,3,5,4,5,6,4,4,7,3,6,3,4,4,3,6,0.425394989806292
"567",4,3,2,3,5,3,3,3,2,4,3,3,2,3,2,2,6,6,3,5,6,6,5,4,3,6,6,5,5,2,0.646208115280928
"568",4,4,4,3,3,3,4,2,5,4,5,4,2,2,2,3,6,6,3,4,4,5,7,3,4,5,7,7,2,5,0.788638165124066
"569",3,4,5,4,4,2,5,3,2,2,5,3,2,2,1,2,4,3,3,5,5,3,4,3,4,6,4,6,2,3,0.437289703499765
"570",4,4,3,4,3,3,4,3,2,3,4,1,2,2,2,3,3,6,2,4,4,5,4,6,3,5,4,4,4,4,0.725691340930828
"571",4,3,2,4,2,2,2,3,3,4,4,5,3,3,2,4,4,6,4,4,6,4,4,5,3,3,5,4,4,5,0.617223731126049
"572",4,4,4,3,4,2,3,2,1,5,3,3,2,1,2,2,6,3,1,5,5,4,5,6,3,3,3,6,5,5,0.795510544735843
"573",4,3,5,3,4,4,4,2,3,1,3,4,2,2,3,2,3,5,6,5,6,7,4,5,7,5,7,6,6,3,0.587475539602125
"574",3,4,5,4,3,3,4,4,3,4,4,2,2,3,4,2,3,4,4,7,5,5,4,6,4,7,5,4,4,3,1.14155171766706
"575",4,3,1,3,2,4,2,4,5,5,3,4,2,3,4,2,2,2,7,4,4,5,5,5,2,5,4,5,4,5,1.06378744314695
"576",5,3,5,4,2,5,4,2,2,3,3,4,2,4,1,3,2,5,4,2,4,5,7,5,3,7,5,5,4,4,0.632714109138314
"577",4,4,4,3,4,4,3,4,3,4,4,3,3,2,1,4,4,2,5,5,4,5,4,6,4,4,3,4,3,4,0.71454478099852
"578",2,4,3,2,4,4,4,2,2,4,5,3,3,2,1,2,3,7,2,6,4,3,4,6,2,7,7,5,3,6,0.672591599259722
"579",4,4,4,5,3,3,4,4,3,3,4,3,5,1,1,1,7,6,6,5,6,4,5,4,6,5,4,5,4,4,0.554069396660691
"580",4,4,3,3,3,2,4,4,5,2,4,5,3,3,3,3,4,6,4,4,5,4,3,5,4,3,3,3,6,4,0.462971619594597
"581",5,3,4,3,3,3,3,1,3,3,3,1,4,3,3,2,3,4,4,7,4,5,5,3,7,4,7,6,5,5,0.913082831924949
"582",4,5,3,2,3,4,5,4,3,4,4,3,2,2,2,2,6,4,6,6,6,6,6,2,2,5,4,6,6,5,0.760316142239349
"583",4,3,4,3,2,3,1,4,2,4,3,2,2,2,2,3,5,6,4,5,2,5,6,5,4,5,6,4,3,5,0.121002564792759
"584",3,3,3,4,2,2,3,1,2,4,2,3,3,1,2,3,7,6,3,4,5,6,5,6,4,4,5,4,7,3,0.245943850900781
"585",5,4,5,3,3,1,3,1,1,3,4,2,1,5,3,3,3,5,5,4,4,4,5,5,3,6,5,5,6,4,0.433933544628199
"586",3,4,3,4,4,4,2,4,5,5,4,1,4,3,1,3,6,1,5,2,5,6,6,4,5,7,3,4,3,3,0.689227735019353
"587",5,3,4,4,2,3,3,5,4,4,4,2,4,1,2,3,2,4,4,4,4,4,5,5,3,5,5,6,5,6,0.354320947105379
"588",4,3,5,2,4,3,2,2,2,2,2,3,4,2,1,3,2,4,2,5,4,4,4,3,3,3,5,5,3,6,0.855561572365798
"589",5,3,5,5,2,4,2,2,2,4,3,3,2,2,2,2,7,2,4,4,5,3,7,5,3,3,4,7,7,3,0.668647417483824
"590",4,4,4,3,2,2,4,1,3,4,5,3,3,4,2,3,5,4,5,6,6,3,4,2,2,6,6,6,4,6,1.14139415188275
"591",4,4,3,3,3,2,4,4,4,4,5,2,3,3,3,2,7,6,4,4,3,5,4,5,4,5,6,5,3,7,0.0688216252099432
"592",3,3,3,3,1,2,3,3,1,3,3,3,4,2,1,4,5,5,7,5,6,5,4,2,7,5,7,4,2,6,0.724217956095268
"593",4,4,4,3,1,3,2,3,3,3,4,4,2,1,2,3,2,2,2,6,5,6,6,6,5,5,5,4,5,5,0.84583244285907
"594",4,3,3,4,4,4,2,2,2,3,4,2,3,2,2,3,5,6,6,5,3,5,4,4,3,3,6,2,4,2,0.684299527554046
"595",5,3,3,4,4,4,4,5,1,4,4,2,3,2,3,5,4,3,5,5,6,5,5,2,3,3,3,3,3,4,0.372367654495944
"596",5,4,5,3,3,4,3,1,3,2,4,2,2,2,1,4,7,5,3,2,5,3,5,5,4,4,3,5,2,6,0.307345196159027
"597",4,3,3,3,1,2,3,3,5,1,3,1,3,2,3,2,6,4,4,6,3,5,7,4,3,6,5,5,6,4,0.324503964516681
"598",5,3,5,3,2,3,3,3,1,3,4,4,2,4,1,3,6,4,5,4,3,5,4,4,7,3,5,3,1,5,0.845188879563737
"599",5,4,3,3,4,4,5,2,2,3,2,4,3,2,4,3,5,4,4,5,5,3,4,5,5,5,6,5,3,7,0.538711136249431
"600",4,3,5,4,2,3,3,2,2,5,3,2,2,3,3,2,6,5,3,5,5,5,3,3,4,6,6,2,3,4,0.389651839197561
"601",4,5,3,3,1,2,2,4,4,3,5,1,3,2,2,5,4,2,4,4,3,5,5,4,5,5,3,6,4,6,0.886187459071055
"602",4,3,4,2,2,3,3,4,3,4,3,3,4,4,2,3,5,2,1,5,3,3,4,3,3,2,3,5,5,5,0.725132868933089
"603",4,4,4,5,4,3,1,2,3,1,3,2,2,3,5,3,6,3,4,6,6,4,4,5,6,5,6,5,4,4,0.112040213915676
"604",5,4,3,5,2,4,3,2,3,4,2,3,1,2,2,3,5,3,2,5,4,6,6,2,4,5,7,4,5,3,1.16548412024476
"605",4,2,4,5,2,5,4,3,1,2,4,3,4,1,2,4,5,3,3,5,5,7,4,1,2,5,5,5,3,5,0.855947882342318
"606",4,2,4,2,4,2,1,3,3,3,4,5,2,1,1,3,5,4,2,7,4,4,3,4,4,6,4,7,7,4,0.476860977221844
"607",5,2,5,4,3,3,2,4,3,4,5,3,2,4,1,2,3,5,2,7,6,6,4,5,6,4,4,7,5,3,0.892126438455184
"608",5,4,4,5,3,1,1,3,2,4,2,3,2,3,2,4,5,7,2,7,6,7,5,6,4,5,5,6,4,6,0.839993688042678
"609",5,4,4,2,2,4,2,3,3,3,3,3,3,2,2,2,6,5,3,5,7,4,4,6,5,6,4,4,7,5,0.54995275690999
"610",4,3,3,4,2,1,2,2,4,3,5,4,4,3,2,2,6,3,4,5,5,4,4,5,2,7,6,5,5,4,0.72415648255204
"611",5,3,4,4,2,3,4,4,3,1,3,2,4,4,4,2,6,5,2,4,4,5,5,5,4,6,5,4,6,4,0.313159738933818
"612",4,4,3,4,2,4,1,1,3,2,5,4,2,4,4,4,5,6,5,2,5,6,5,7,4,6,6,4,3,7,0.70126292887355
"613",4,5,3,4,2,3,2,4,5,3,1,2,1,1,1,3,6,4,3,6,3,4,2,4,4,6,5,5,4,4,0.683483195621972
"614",4,3,4,4,2,2,2,3,3,2,3,4,3,3,4,3,5,5,6,3,4,7,5,4,3,5,5,5,3,7,0.772421798876248
"615",4,5,3,5,3,3,4,4,2,2,3,2,3,4,2,5,4,4,4,5,6,3,5,6,3,3,5,5,3,4,0.591076195189045
"616",4,3,4,3,4,2,2,4,1,2,2,2,3,1,2,4,5,4,3,5,6,6,4,4,5,4,5,6,4,4,0.656392736776631
"617",4,3,4,3,4,3,4,2,3,3,3,3,3,1,4,3,4,6,5,5,5,4,5,2,3,6,4,4,4,5,1.01947452720978
"618",3,5,3,3,3,4,3,5,1,4,5,1,1,2,2,3,3,6,3,4,4,4,5,5,5,7,3,5,4,5,0.543022800323878
"619",5,3,2,4,3,3,3,4,2,2,4,3,3,1,2,2,6,4,3,5,3,5,3,5,2,5,5,4,4,5,0.231834058202714
"620",4,3,4,3,4,4,3,5,4,2,3,2,3,3,2,2,3,4,4,4,6,6,4,5,4,3,5,6,4,6,0.916634280964434
"621",3,2,4,4,3,3,3,4,4,3,3,1,2,4,1,2,7,3,6,3,4,1,5,3,6,2,5,4,2,6,0.36602340312727
"622",4,4,4,4,4,3,4,4,3,3,2,2,4,4,4,2,5,4,6,4,4,4,3,5,4,3,5,6,4,3,0.153703227747248
"623",5,3,4,3,3,3,4,2,4,4,4,3,2,2,2,4,2,5,5,5,4,3,4,2,4,2,6,3,5,4,0.660993559277043
"624",4,3,4,2,2,3,2,3,2,4,1,3,2,1,3,3,3,4,3,5,4,4,4,5,3,6,5,5,3,5,0.449064879373575
"625",4,5,2,3,2,4,3,3,2,2,3,4,2,2,3,4,3,3,4,4,4,4,6,4,4,5,5,5,6,6,0.458860804077181
"626",4,4,5,4,4,4,2,4,3,4,4,2,3,4,2,4,2,3,4,2,4,5,4,4,3,6,4,5,4,1,0.472126745410875
"627",3,3,3,2,4,2,3,3,1,3,1,2,1,3,2,4,6,3,2,3,5,5,2,7,1,4,4,3,4,4,0.28045178308621
"628",5,4,3,4,2,2,4,5,3,4,3,4,2,2,3,5,2,6,2,3,7,4,7,2,4,4,5,4,6,2,0.6850714180338
"629",5,4,3,3,4,3,4,4,3,3,3,4,3,4,2,3,4,1,6,5,5,3,5,4,6,6,6,7,6,5,0.85648618756435
"630",4,2,3,4,3,4,2,4,4,4,3,3,4,2,3,4,6,5,6,5,4,5,4,6,2,5,6,5,3,5,0.552338972813141
"631",4,4,4,4,2,4,2,5,4,4,3,4,2,1,2,2,3,3,6,5,5,3,6,6,6,3,4,6,4,6,0.74642762879622
"632",3,5,5,1,4,1,4,1,4,4,4,1,2,2,3,3,6,3,4,3,4,3,5,4,3,4,3,3,3,4,0.569577798186583
"633",3,4,3,3,3,4,3,2,4,5,4,4,2,3,1,2,4,1,4,6,4,5,3,5,2,5,5,3,6,3,0.435353422023333
"634",4,2,4,4,2,5,2,5,3,5,2,4,4,2,3,2,3,5,2,5,5,5,3,5,6,3,5,4,6,6,0.353585752861158
"635",4,3,3,4,2,3,2,1,3,5,3,3,2,2,2,3,4,5,3,4,4,6,5,7,5,4,3,6,3,4,0.642361709135628
"636",5,2,2,5,5,3,3,4,2,4,5,4,2,2,2,4,7,5,5,6,5,6,5,5,4,6,6,4,5,6,0.517405434684105
"637",5,3,3,2,3,5,4,3,2,2,3,5,1,2,1,5,2,5,3,6,5,2,4,4,6,5,4,5,4,6,0.500745998262262
"638",5,5,3,4,3,2,2,4,4,3,3,3,3,2,2,2,4,7,6,6,4,5,5,5,4,5,4,6,6,4,0.669628254170767
"639",3,1,4,4,3,4,3,4,2,4,1,4,4,3,3,4,6,4,3,2,7,6,3,4,2,3,4,5,4,5,0.465676858748383
"640",4,2,2,5,4,4,3,4,2,3,2,2,3,1,2,4,4,2,2,4,5,6,5,3,5,7,3,3,5,4,0.592860777035781
"641",4,3,3,5,2,3,1,4,3,5,3,5,3,2,1,4,5,4,6,6,2,6,5,5,6,5,6,6,3,4,0.461926665642042
"642",5,3,4,2,4,4,2,4,2,3,3,3,5,4,2,3,4,5,6,4,6,5,5,2,6,3,4,5,2,4,0.695620828155526
"643",4,4,3,4,3,2,4,2,3,2,2,2,3,2,1,4,5,3,4,5,4,7,4,4,3,3,7,6,5,3,1.12281641645572
"644",3,4,3,4,3,4,3,2,4,4,4,3,2,2,3,4,4,5,2,4,4,3,6,3,3,6,4,5,4,4,0.746329843776607
"645",4,2,5,4,4,4,3,4,2,3,3,2,3,5,3,5,4,2,3,4,5,6,6,4,4,5,6,6,4,2,0.621753868295474
"646",5,3,4,4,5,3,3,2,4,2,4,2,2,2,4,3,2,2,3,4,6,5,4,4,7,7,6,3,5,7,0.530521261774778
"647",3,4,4,2,3,4,2,3,2,1,3,3,2,3,2,4,6,3,3,6,5,5,6,5,5,3,7,2,4,5,0.643121335670131
"648",5,4,4,3,5,3,3,2,3,3,4,3,4,3,2,2,6,4,5,6,6,4,4,1,1,4,5,4,3,5,0.618121669929369
"649",4,5,4,4,3,5,4,2,2,3,3,2,3,5,2,4,7,6,2,4,5,5,6,3,6,4,6,5,5,4,0.807770018087198
"650",5,4,4,4,4,3,2,2,4,3,3,4,5,2,1,4,6,5,4,6,5,3,5,4,5,6,5,5,2,6,0.315593129449093
"651",5,3,3,2,3,2,3,3,2,4,5,3,2,2,2,2,1,3,4,5,5,6,3,4,3,3,7,4,4,7,0.727545356586844
"652",5,3,2,3,4,3,1,3,2,2,3,3,4,5,3,4,3,5,6,6,7,2,7,4,2,6,4,5,2,4,0.600702899673193
"653",5,4,3,4,4,3,3,2,3,2,5,2,3,1,1,2,4,4,2,7,4,4,4,5,3,5,5,5,7,6,0.343171770661172
"654",5,4,4,2,2,4,4,3,3,4,3,3,2,4,4,4,4,4,4,5,5,5,5,3,5,5,6,4,5,3,1.11975184957441
"655",3,3,4,4,4,3,3,4,5,4,3,3,3,1,1,4,4,7,5,4,4,5,5,4,4,2,7,5,4,4,0.638647069244759
"656",3,3,3,2,4,4,4,4,4,4,2,2,2,4,3,3,4,4,6,4,4,4,5,2,3,5,4,5,6,4,0.535885102405453
"657",4,4,4,3,5,1,4,4,3,1,3,3,2,2,2,3,4,2,5,5,5,7,4,3,6,7,5,6,5,4,0.7314162024791
"658",4,4,2,3,3,2,2,3,5,2,5,3,2,3,2,3,2,2,5,6,4,4,6,2,6,5,4,5,6,4,0.798906130282903
"659",4,3,3,5,2,4,2,5,4,2,4,3,4,1,3,2,3,2,5,4,6,4,6,3,4,3,5,4,5,3,0.32467296614668
"660",4,4,4,3,4,4,2,3,3,2,1,2,3,2,3,3,7,4,5,5,5,5,6,3,3,7,4,6,5,5,0.723218462623235
"661",4,5,4,3,1,3,4,1,2,4,3,5,3,2,3,2,5,5,6,5,5,4,3,2,3,3,4,5,5,4,1.29805353707044
"662",4,4,4,4,3,3,2,3,4,3,4,4,2,2,2,4,2,5,4,7,5,4,4,6,5,5,3,6,4,5,0.548953939383007
"663",5,5,4,3,1,5,2,3,3,4,3,4,3,3,3,2,4,2,2,3,5,2,7,5,4,6,4,6,5,4,0.688988366561209
"664",4,5,2,2,5,4,3,1,4,4,4,2,2,3,2,4,2,4,2,5,5,5,5,2,4,5,4,7,6,5,1.08018663750679
"665",4,4,4,5,4,2,2,4,1,2,4,2,4,3,2,3,4,2,5,6,3,5,6,5,6,4,4,5,6,4,0.769240417073198
"666",4,4,3,3,2,5,5,4,4,5,3,2,4,3,2,2,5,4,4,5,5,5,6,1,5,2,7,4,6,6,0.512641095579544
"667",4,3,5,3,3,4,2,4,5,2,4,2,1,2,2,2,6,2,3,5,6,6,5,2,5,3,4,2,6,5,0.626449253742636
"668",4,4,5,4,2,3,2,2,1,3,3,4,3,3,4,1,4,4,5,7,5,5,5,3,5,4,5,4,2,5,0.784592475563926
"669",4,3,5,5,2,4,4,2,4,2,3,4,4,2,2,3,4,4,4,4,4,6,4,6,3,2,6,1,4,4,0.632820709309483
"670",5,4,1,4,3,3,3,2,4,3,2,2,2,3,2,4,6,6,6,5,5,6,5,3,4,5,4,6,6,3,0.593274136373311
"671",5,3,3,1,4,2,3,3,4,5,2,2,2,2,2,3,3,3,5,5,6,6,4,6,4,6,5,4,6,5,0.725521084415414
"672",4,4,4,5,3,4,5,3,4,3,2,2,3,1,3,5,2,3,3,3,5,6,5,6,3,5,5,7,3,6,0.688998101373997
"673",4,3,3,2,2,4,1,3,4,3,2,3,2,2,3,3,4,4,5,5,5,5,6,4,4,6,5,3,1,4,0.591950041318094
"674",4,5,4,3,3,4,3,5,3,3,3,2,3,3,2,4,6,4,3,3,5,4,4,3,4,4,4,6,4,5,0.481460123126548
"675",5,2,5,3,2,1,4,3,2,2,1,4,3,2,2,3,5,4,1,6,2,4,3,5,4,6,5,6,4,4,0.534169100859025
"676",3,4,3,4,1,5,3,2,3,3,4,3,4,2,3,3,4,1,6,6,5,6,5,3,3,5,4,3,5,6,0.661863105903008
"677",4,4,3,2,4,4,4,3,4,4,5,3,3,1,2,5,6,4,4,6,4,3,5,4,4,5,2,5,4,6,0.348083626563374
"678",4,5,4,3,3,2,4,4,4,4,3,2,1,2,2,4,5,6,7,4,7,5,4,3,5,4,5,5,6,4,0.668914339910645
"679",4,4,4,5,4,3,4,5,1,1,3,2,3,2,2,2,4,6,2,5,5,4,3,3,5,5,4,4,1,4,0.821985006719764
"680",4,5,3,3,2,3,3,4,1,2,4,3,1,1,1,3,2,4,6,4,5,5,3,3,5,6,5,6,2,7,0.535235412429086
"681",4,4,4,3,1,3,3,3,4,5,2,1,2,2,2,3,4,4,7,4,4,3,7,4,5,5,3,7,5,6,0.928294492775086
"682",4,3,5,5,3,3,3,4,3,4,3,2,4,2,3,1,5,5,5,4,6,6,5,5,6,5,3,4,6,5,0.435549927945406
"683",4,4,3,3,4,2,3,3,2,5,2,4,2,4,3,4,3,4,5,6,5,4,5,3,4,3,6,7,6,5,0.496870888239436
"684",4,4,4,3,2,3,4,2,4,3,5,3,1,2,3,3,4,6,3,5,4,4,6,5,5,4,4,4,6,3,0.76026284800833
"685",4,4,4,4,1,3,2,3,2,4,4,4,3,4,3,2,3,5,4,5,5,4,5,6,5,3,5,5,4,5,0.952952291760876
"686",5,2,4,4,4,3,4,2,4,5,3,4,3,3,3,3,5,3,3,5,4,5,5,6,5,4,5,2,4,6,0.612972632312485
"687",4,3,2,5,2,4,2,1,1,3,3,2,3,1,1,3,4,3,3,5,6,6,5,4,5,7,5,4,3,5,0.877475390056691
"688",4,4,5,4,4,2,2,4,3,1,2,2,4,3,2,4,3,3,4,5,5,6,5,5,5,7,4,7,4,3,1.04768627917304
"689",4,5,4,4,5,2,4,4,1,5,4,3,2,1,3,2,2,4,5,6,4,6,5,3,5,7,3,5,5,5,0.894595025299282
"690",3,4,4,2,4,5,4,3,3,2,5,4,2,1,3,4,4,4,4,5,5,5,4,4,4,2,5,4,2,4,0.657071847210174
"691",4,3,5,3,3,1,4,3,3,2,3,2,3,1,4,3,5,4,3,6,5,6,6,5,3,5,4,3,3,6,0.537432955055562
"692",3,4,5,3,4,4,3,2,4,3,4,3,2,3,2,3,7,3,4,5,6,6,5,4,1,7,5,4,5,4,0.142246157672153
"693",4,4,4,4,5,3,4,4,2,2,4,2,5,1,4,3,3,5,5,4,6,6,3,4,5,3,2,5,3,6,0.814756123574528
"694",3,4,4,3,1,5,2,2,4,2,3,3,5,2,4,3,4,5,4,2,5,5,4,3,3,4,4,6,2,7,0.630003965596651
"695",3,4,3,2,4,4,4,4,3,5,2,2,4,2,2,2,3,3,6,3,5,2,3,5,4,6,3,4,6,5,0.771999020628032
"696",5,3,4,2,4,2,2,4,2,5,2,4,3,3,2,3,7,5,5,3,4,5,2,2,4,3,5,4,5,2,0.721300392081698
"697",3,4,4,4,5,4,3,1,2,3,4,3,4,2,3,1,5,4,6,3,5,5,6,4,4,4,6,4,3,6,0.341611745866606
"698",5,2,3,2,3,2,4,3,1,4,2,5,4,3,2,2,4,6,2,6,4,7,6,4,3,3,5,5,2,6,0.418029995978434
"699",5,5,5,5,2,2,2,5,4,3,3,4,1,3,2,2,6,6,3,6,4,3,5,6,5,7,4,3,2,4,0.719859658081438
"700",5,3,3,3,3,3,3,3,2,2,4,4,1,3,2,4,3,6,5,5,5,6,6,5,4,3,5,6,4,3,0.890684812185357
"701",4,3,2,4,4,3,4,4,2,3,4,4,3,1,1,2,7,4,3,5,6,6,4,4,6,5,5,5,4,6,-0.104468267570988
"702",4,4,3,4,3,4,2,4,4,2,3,4,4,3,1,4,5,6,3,5,4,5,5,6,5,7,6,4,5,7,0.651825367610888
"703",3,5,4,2,1,3,3,4,4,3,4,2,4,2,4,1,5,6,5,3,4,6,5,3,7,5,6,4,2,2,0.501417376716673
"704",5,3,2,4,3,3,3,3,5,4,2,5,2,3,3,4,4,2,5,6,5,5,5,6,3,3,4,4,2,5,0.0118215046906127
"705",3,4,5,4,4,4,5,2,4,3,2,4,3,2,3,1,5,6,4,4,5,5,4,2,2,3,4,5,5,6,0.525108817999199
"706",3,1,2,5,2,4,2,3,1,2,2,3,2,2,2,5,2,6,2,5,6,3,3,5,3,6,5,7,4,4,0.292557096895373
"707",4,5,4,3,4,4,2,1,3,4,3,4,4,3,3,2,7,6,1,3,7,5,6,5,4,5,6,4,5,5,0.453553565551279
"708",4,5,4,3,4,2,2,3,4,4,3,2,1,3,1,3,3,5,2,6,6,4,5,4,3,5,4,5,6,3,0.857573633496068
"709",5,5,4,3,4,4,3,5,2,4,2,2,2,4,2,2,5,5,3,5,6,4,5,4,5,6,6,3,5,6,0.750956850501518
"710",4,2,3,5,5,3,1,2,4,4,2,4,2,2,3,2,3,6,6,4,5,5,5,2,4,6,6,6,7,6,0.705917525398848
"711",3,3,2,2,5,3,1,4,4,4,5,4,4,1,2,4,4,4,2,4,5,4,6,3,6,4,6,5,3,5,0.556609769676545
"712",5,4,4,3,1,3,4,1,3,2,4,3,3,3,4,4,4,4,2,5,5,4,6,4,4,4,6,6,4,6,0.622435275299702
"713",4,3,3,5,2,3,1,4,3,4,4,2,3,2,2,4,6,4,7,2,5,5,3,4,4,4,5,4,5,5,0.939799883847976
"714",4,4,3,4,3,4,4,2,4,4,4,2,3,2,2,3,6,5,7,6,4,6,5,4,5,4,5,5,5,5,0.61796937483735
"715",4,4,4,4,4,4,5,1,4,4,2,4,3,1,3,3,5,4,6,3,4,4,6,2,3,4,5,4,6,6,0.474139752872487
"716",4,3,3,2,3,4,4,4,2,2,4,4,3,2,1,3,5,6,6,4,4,5,4,6,6,6,4,2,4,3,0.112377572989885
"717",4,4,3,4,2,4,4,5,4,2,2,3,3,2,3,2,6,4,7,4,6,6,3,6,5,5,5,5,6,5,0.635123740266905
"718",5,3,4,5,4,4,3,2,3,3,4,4,2,3,2,3,4,3,3,3,5,5,3,6,4,5,4,4,3,3,0.504304629439168
"719",4,3,5,3,3,3,4,3,2,3,5,2,2,3,2,1,6,5,5,4,4,7,4,5,6,7,3,6,2,6,0.301836253847861
"720",5,5,5,2,3,2,2,4,3,3,5,4,3,2,3,2,5,2,5,3,3,4,4,4,3,5,6,4,2,4,0.52995535696215
"721",4,3,4,4,3,2,3,3,1,3,5,4,1,3,1,1,5,4,4,4,6,4,3,2,3,6,6,4,2,5,0.627176301641819
"722",4,4,4,3,3,2,2,4,5,2,1,4,2,3,2,4,2,5,2,4,7,5,5,3,3,6,5,6,1,4,0.297319554081988
"723",4,3,4,4,4,2,3,3,5,4,3,5,2,1,1,3,4,5,4,6,2,5,4,4,4,6,4,5,5,6,0.587503903922162
"724",4,2,5,3,5,2,3,4,3,4,4,4,3,2,2,4,5,5,5,3,5,6,4,1,4,5,4,4,3,6,0.799138834302153
"725",4,3,3,3,3,2,2,3,2,4,3,5,3,3,3,3,4,3,3,5,4,4,4,5,3,6,6,5,6,2,0.615118035128972
"726",3,4,3,2,3,4,3,3,4,4,3,2,3,3,2,3,3,4,3,6,6,4,4,6,4,3,3,5,3,5,0.993580034675653
"727",5,4,4,4,4,3,3,4,3,4,1,1,3,2,1,4,5,4,3,4,5,5,4,6,4,6,6,5,5,4,0.501664729595626
"728",5,5,4,3,1,3,4,2,4,3,4,2,5,1,2,2,5,6,2,3,4,4,5,7,3,5,7,5,3,6,0.416787307081325
"729",5,3,4,3,1,3,2,4,2,2,3,4,4,5,3,3,3,3,4,2,5,4,5,2,4,4,6,6,5,5,0.66225735095981
"730",4,4,4,4,4,2,3,2,2,3,2,1,3,3,1,3,4,4,5,4,6,5,5,4,3,6,5,7,4,4,0.769561740538787
"731",4,2,4,3,2,4,3,4,4,2,5,3,3,3,2,2,3,2,3,5,4,3,7,6,4,5,5,6,4,4,0.829939687730281
"732",3,3,2,3,4,4,3,3,2,4,2,3,2,2,4,2,4,7,7,5,5,3,4,3,2,7,5,5,5,3,0.550266839719062
"733",3,4,3,4,5,2,5,3,1,3,1,2,2,4,2,2,4,2,6,2,3,4,5,3,2,7,3,5,5,4,0.699102272663891
"734",5,3,4,4,2,5,2,5,2,3,2,4,3,4,4,3,5,3,5,5,5,4,4,2,4,7,7,5,5,6,0.798057803229157
"735",4,2,4,4,3,3,5,3,2,4,3,2,2,1,3,3,5,6,4,5,6,4,5,5,5,6,6,4,6,3,0.720228210460814
"736",4,3,3,4,1,5,2,2,3,5,3,4,2,4,2,4,4,6,7,5,6,4,6,6,2,6,5,5,2,5,0.736721844992532
"737",4,5,3,5,3,3,3,3,4,5,3,3,4,3,2,4,3,4,5,6,6,5,6,5,3,6,4,3,4,5,0.784830276873512
"738",4,5,3,4,3,4,2,3,1,3,3,2,3,2,2,3,5,4,4,6,5,3,3,4,3,5,6,6,3,6,0.606162124712304
"739",4,4,4,2,3,4,2,1,2,4,4,1,3,2,3,2,6,6,4,6,6,4,4,5,6,2,7,5,2,4,1.21348013355042
"740",4,4,2,4,2,2,4,2,4,4,3,2,2,1,1,2,5,5,2,6,5,5,4,3,4,5,5,6,5,5,0.802020614067763
"741",4,5,4,4,4,4,3,4,4,3,3,3,3,3,1,1,2,7,4,5,3,2,5,6,2,4,5,3,3,6,0.484897606713271
"742",3,3,4,3,2,3,5,3,3,4,4,2,3,3,3,1,5,4,4,4,6,4,3,4,2,2,6,7,7,3,0.811181729425795
"743",4,4,2,3,4,4,2,3,1,2,2,5,3,2,2,4,1,3,4,3,4,6,6,5,3,4,5,6,4,6,0.77245036858623
"744",5,5,4,4,3,2,2,3,4,3,5,2,4,5,2,1,6,5,5,4,5,5,7,5,3,3,5,3,4,7,1.04227016905581
"745",5,4,3,2,5,4,2,3,2,3,5,2,3,2,3,5,5,6,3,4,5,6,5,3,4,5,3,6,5,5,0.951871383860204
"746",4,3,2,3,4,4,2,3,4,2,3,3,4,4,2,5,6,7,5,4,4,5,4,3,5,5,5,5,5,4,0.718686778889807
"747",4,4,5,3,3,4,3,3,4,4,3,2,2,2,2,3,6,2,7,5,7,3,6,4,2,6,6,5,4,6,0.713535776724225
"748",3,1,3,4,4,2,5,4,2,5,5,4,3,3,2,4,4,5,5,3,6,5,6,2,3,3,7,7,7,7,0.549824849068247
"749",5,2,3,4,1,4,3,4,2,2,3,3,2,3,2,2,2,6,6,5,4,6,5,5,1,4,3,5,6,4,0.41396830071179
"750",4,4,5,4,3,5,2,2,2,2,4,3,4,3,1,3,6,5,5,4,4,5,6,4,4,6,5,6,3,4,0.954860037915766
"751",4,3,3,5,3,2,2,3,5,3,5,5,3,2,1,2,4,4,2,6,6,4,6,6,4,3,4,3,5,5,0.862548004322543
"752",5,3,4,3,3,3,1,3,3,1,4,4,4,3,1,4,5,3,2,4,5,4,5,6,2,6,4,4,2,5,0.459530571870559
"753",3,3,3,3,3,4,4,2,2,2,3,4,5,2,2,3,4,3,3,5,5,4,6,6,5,3,3,4,6,7,0.541505321357967
"754",4,4,3,5,4,2,2,4,1,2,3,4,1,2,2,1,6,4,6,3,5,5,2,6,5,6,5,6,4,6,0.807742016143633
"755",5,3,5,3,4,2,3,3,1,4,1,2,2,3,3,4,1,4,4,5,6,5,5,3,5,6,3,3,4,2,0.692145463672653
"756",5,5,5,5,4,1,3,1,4,5,3,2,3,2,1,2,6,5,6,4,5,4,6,3,2,3,5,4,6,5,0.399431219688762
"757",4,3,4,4,2,4,3,2,3,4,4,4,1,2,3,4,6,4,2,6,6,6,2,4,6,4,2,6,4,3,0.381312418165802
"758",4,2,4,3,4,3,2,5,1,2,4,2,1,2,1,1,4,4,5,5,6,5,6,4,6,4,7,5,6,4,0.611207272636716
"759",4,3,4,2,1,2,3,1,2,4,3,4,3,3,2,3,5,3,3,7,4,4,4,5,4,5,6,5,5,6,0.192520368048987
"760",5,3,4,4,2,2,4,3,2,4,2,1,2,3,2,2,6,3,4,7,4,6,5,5,4,2,6,6,5,6,0.943341375985504
"761",3,5,4,4,4,2,3,4,4,4,5,3,3,2,2,3,3,5,3,4,6,5,6,5,5,5,5,5,4,4,0.539254974412211
"762",3,4,4,4,4,1,4,2,3,3,3,2,5,2,3,2,4,4,4,6,5,5,6,6,5,7,5,5,3,3,0.218164871775882
"763",5,4,2,4,4,3,3,2,4,4,2,3,2,2,3,4,5,4,3,4,5,5,4,5,2,4,5,7,7,7,0.638217500280129
"764",4,3,5,4,2,2,2,4,3,3,4,3,3,2,2,3,2,2,4,4,5,4,5,6,4,7,5,6,3,4,0.753657623848818
"765",3,4,4,5,3,1,5,3,2,2,3,2,2,3,2,4,4,4,4,2,5,5,4,5,4,4,6,5,3,6,0.226226028793563
"766",5,5,4,3,3,3,3,5,4,4,5,3,3,2,2,3,7,5,5,4,5,7,4,2,5,4,5,4,3,3,0.542268345855272
"767",4,4,3,4,5,4,4,2,1,4,4,3,2,2,2,3,7,6,4,6,4,4,3,3,5,6,3,5,2,5,0.51964759093159
"768",4,3,5,4,4,4,3,1,3,4,4,3,3,4,4,3,7,5,2,3,4,6,4,5,4,5,6,6,2,5,0.755086591109616
"769",4,3,5,4,5,4,2,4,2,4,2,5,1,3,3,3,4,5,6,3,4,3,4,2,4,4,5,7,6,6,0.989776078596993
"770",4,3,3,4,3,3,3,4,2,2,4,1,2,2,3,4,5,4,4,6,5,5,5,6,3,3,6,2,1,5,0.715381728988508
"771",3,3,3,4,2,4,4,2,4,4,5,4,4,3,2,3,2,4,3,5,7,5,5,5,5,5,7,4,4,5,0.302475703568097
"772",5,5,3,3,2,3,2,2,1,5,3,3,4,2,2,4,3,4,4,5,6,7,4,3,6,4,6,6,2,4,0.773742696124133
"773",5,2,4,2,4,4,4,3,5,2,3,2,3,3,2,4,4,7,4,5,6,6,7,2,2,3,5,5,7,3,0.7028039153545
"774",5,4,3,4,2,3,3,4,4,1,4,2,2,2,3,4,3,5,5,5,6,5,3,6,3,3,5,6,4,6,0.661488367455566
"775",4,3,5,5,4,5,2,4,2,1,5,3,3,2,1,3,4,3,5,6,4,5,4,6,4,6,3,5,2,3,0.343206471531245
"776",3,4,4,4,4,4,4,5,5,4,2,3,3,1,2,1,4,6,5,5,5,6,6,7,4,6,5,5,5,4,0.673169197899346
"777",5,4,4,4,4,4,4,5,5,2,2,2,2,4,2,4,3,5,4,6,6,3,4,6,5,3,6,3,5,5,0.68812680299523
"778",4,3,4,3,5,3,4,3,2,4,3,3,3,4,2,3,6,7,3,5,6,5,4,5,4,5,6,4,7,5,0.53208920159766
"779",4,5,4,4,4,4,2,3,3,4,4,2,4,4,3,3,1,3,6,6,6,5,5,6,5,4,4,5,7,4,0.394506998990917
"780",4,3,3,3,4,3,5,4,2,4,2,4,4,3,2,1,6,7,4,3,7,6,4,5,6,4,7,6,5,5,0.424946967353339
"781",4,5,4,4,3,4,2,4,2,2,2,4,2,2,2,4,4,5,7,2,6,3,5,5,7,2,5,5,6,4,0.369718388365072
"782",4,4,3,4,2,3,4,3,1,3,3,3,3,1,1,3,3,7,7,6,6,4,4,3,1,4,4,6,6,5,0.796290866305574
"783",4,3,3,4,2,4,4,3,4,3,3,3,1,2,3,5,4,5,5,4,5,6,4,4,5,4,5,3,6,3,0.462743156072207
"784",5,3,2,5,3,2,3,2,3,2,4,4,3,1,2,3,7,2,5,4,6,6,6,2,5,3,7,5,6,7,0.350597638519508
"785",5,4,3,3,5,4,4,2,5,5,4,4,4,2,3,2,2,5,5,6,6,5,6,6,3,4,2,3,5,3,0.9722425255441
"786",4,3,4,3,3,4,2,2,4,1,4,2,2,3,2,2,4,5,6,4,5,6,6,7,5,6,5,4,4,4,0.58435277217963
"787",4,3,4,2,3,2,5,3,4,3,2,2,2,2,5,3,2,6,5,7,6,5,4,5,3,2,4,5,4,2,0.339241024371234
"788",3,4,4,3,4,3,2,3,2,2,4,4,4,2,2,3,3,3,4,5,6,6,6,2,2,4,7,5,3,4,0.856580691397692
"789",4,3,5,4,4,2,3,5,3,2,2,4,3,3,2,4,6,3,5,4,6,4,5,5,5,6,5,4,4,4,0.562026996009066
"790",4,4,4,2,1,4,3,4,2,1,2,5,2,2,1,4,2,5,3,6,5,7,7,7,5,4,5,7,4,5,0.746656967972295
"791",4,3,4,5,2,2,2,4,3,3,1,4,2,2,3,3,6,5,5,4,6,5,6,3,4,4,7,3,4,6,0.920555809616687
"792",3,3,4,3,2,3,4,4,3,3,4,1,2,4,2,3,5,7,6,5,7,5,3,5,4,5,5,6,5,4,0.683627559756197
"793",4,5,5,3,2,4,3,1,5,2,4,3,4,1,3,1,3,5,3,3,6,4,5,5,5,6,5,5,5,3,0.745715543325054
"794",4,2,4,4,4,3,2,5,3,5,2,3,4,3,2,2,5,6,4,5,5,5,5,5,5,6,5,4,5,6,0.751324606261392
"795",4,2,3,5,5,5,3,2,3,2,3,2,2,4,2,1,2,5,4,3,5,4,5,3,3,5,4,6,5,5,0.92921423015096
"796",4,3,4,3,3,4,2,2,2,3,1,2,5,3,3,4,5,6,5,6,4,5,5,3,6,3,6,6,2,4,0.753182508289908
"797",5,3,5,3,2,4,2,3,4,4,4,2,4,2,1,2,5,4,3,6,5,5,5,3,3,4,5,7,4,5,0.484857512578301
"798",4,2,5,3,3,3,4,4,3,2,2,5,2,2,2,4,7,3,4,4,5,5,2,3,2,3,4,5,3,6,0.369857692177112
"799",4,3,3,2,4,3,4,1,4,3,4,2,3,3,2,4,7,4,2,4,4,5,3,4,4,4,5,6,3,3,0.441422400744222
"800",4,4,3,3,1,2,2,3,2,3,3,4,3,2,3,3,2,5,2,5,5,4,4,5,5,4,7,4,4,4,0.825274445439998
"801",4,3,3,5,4,3,3,2,3,3,3,3,3,3,2,2,5,5,5,3,6,5,3,3,4,3,5,2,3,2,0.33211031453767
"802",4,4,4,2,4,3,4,3,2,4,4,3,2,3,3,3,4,4,1,5,6,3,5,4,4,2,4,5,2,5,0.667150843387374
"803",5,5,4,5,3,3,4,4,5,3,2,3,2,3,1,4,6,2,6,3,4,4,4,5,5,7,5,3,3,6,0.589053381935035
"804",4,4,2,4,1,4,2,5,4,3,2,1,3,3,1,4,2,3,3,7,4,2,5,2,3,2,5,6,4,6,0.277897006429776
"805",4,4,3,3,4,1,4,3,3,5,3,2,5,4,3,1,2,5,2,5,6,4,4,2,4,4,6,4,3,4,0.515945964594277
"806",4,5,4,3,3,3,3,5,3,3,3,2,3,3,1,3,2,4,2,5,4,5,3,6,3,5,6,5,3,5,0.571491415764309
"807",5,3,4,2,3,2,3,5,5,4,5,4,3,3,2,3,5,5,4,5,5,4,6,4,7,4,6,5,6,6,1.35393123772566
"808",3,4,3,5,4,3,3,3,4,4,4,3,3,3,1,3,3,2,7,6,5,4,5,5,6,3,4,6,5,6,0.304103142648377
"809",3,3,5,3,3,2,2,4,2,5,3,1,2,3,3,4,2,7,5,6,6,4,4,6,5,4,2,3,3,6,0.710162629195086
"810",3,2,2,1,4,4,2,5,4,2,4,4,4,2,2,4,4,2,6,6,5,5,5,6,6,3,6,4,3,6,0.545716715380846
"811",4,4,5,3,5,3,3,2,4,5,2,3,3,3,1,2,5,3,5,4,5,6,5,3,4,3,4,5,6,4,0.684673523537476
"812",5,3,4,5,2,1,2,3,1,2,3,3,2,4,1,2,2,4,2,6,5,7,6,4,3,4,3,5,3,5,0.321797654737076
"813",5,5,4,3,3,4,3,2,4,3,5,4,4,2,2,4,6,4,5,4,4,4,3,5,3,6,5,7,4,4,0.281765574204295
"814",5,4,3,5,2,3,1,5,3,3,3,2,3,2,2,3,4,4,3,7,6,3,4,4,3,3,5,5,6,4,0.658083620167329
"815",4,2,4,4,3,5,4,2,1,4,2,3,3,3,4,3,4,6,4,3,3,4,5,5,2,7,6,3,5,4,0.538143800518921
"816",4,4,4,2,4,4,3,2,3,3,4,3,3,4,4,4,3,7,4,6,6,5,5,5,6,5,5,6,5,4,0.664796306794067
"817",5,3,4,3,4,2,1,3,5,2,3,4,3,1,2,2,4,3,3,7,5,6,4,6,4,5,4,6,2,6,1.02196824829787
"818",4,4,4,4,4,4,2,4,5,5,5,2,2,4,3,3,3,6,4,5,5,6,2,5,4,2,6,4,5,5,0.620294815452553
"819",4,4,4,3,4,4,2,3,1,3,4,4,2,2,2,4,3,3,6,4,5,4,4,3,6,2,5,4,3,5,0.729981405225701
"820",4,2,2,4,2,1,5,2,2,5,4,4,3,1,1,5,5,2,4,4,5,5,4,3,2,4,6,5,7,5,0.929687542939871
"821",5,3,4,3,2,3,5,3,3,4,2,3,3,2,2,4,3,6,3,6,5,5,6,7,3,4,4,6,4,4,0.706264385845674
"822",3,5,4,3,4,3,2,4,3,5,2,3,4,3,1,3,5,3,5,4,6,5,4,4,4,3,6,2,5,7,0.667713911118734
"823",4,4,4,3,1,4,5,5,5,4,4,3,5,4,3,3,6,6,2,5,4,5,5,6,3,5,7,5,5,6,0.42226515609124
"824",5,4,3,4,2,4,4,5,2,3,4,1,1,3,1,3,5,4,3,6,5,7,6,5,5,6,6,6,3,4,0.672454313700337
"825",3,4,4,5,3,2,2,5,3,4,5,4,4,2,3,1,7,7,4,3,6,6,5,7,5,3,5,7,4,6,0.385068952186882
"826",5,4,5,4,3,2,1,2,1,3,3,3,3,3,1,2,4,6,5,6,6,4,6,6,3,4,7,3,4,5,0.215505845609172
"827",5,4,4,2,3,3,4,2,3,4,2,4,2,2,3,2,3,7,3,4,5,6,3,4,2,5,6,2,3,6,0.479134193355161
"828",4,3,5,4,2,2,3,2,1,2,3,4,3,3,2,3,6,4,1,6,5,6,4,2,5,2,5,6,5,5,0.567230001404386
"829",4,3,5,2,3,3,4,4,2,3,2,2,4,5,3,5,3,3,6,5,6,5,2,4,4,4,6,3,5,5,0.646319279102647
"830",4,3,3,5,4,4,4,2,4,2,3,2,3,4,3,4,5,2,6,4,6,3,7,3,3,6,3,6,3,7,0.865197911941082
"831",4,4,3,5,2,3,3,5,3,1,2,4,3,2,2,2,5,2,3,5,6,4,5,3,4,5,5,4,6,4,0.0228622515172641
"832",4,5,3,2,2,3,4,1,3,4,2,5,2,2,3,2,5,5,1,5,4,6,3,5,6,4,5,3,2,4,0.477238555296955
"833",5,2,4,2,1,2,4,4,1,3,4,2,2,5,3,3,6,2,4,4,6,4,5,4,3,7,6,5,5,4,0.475405544189426
"834",5,2,4,5,3,2,5,2,3,2,2,5,3,2,1,3,4,6,3,4,4,5,6,7,5,2,5,6,3,5,0.432013324598769
"835",3,4,4,3,3,1,3,3,4,3,4,3,4,1,4,2,5,6,4,5,3,6,6,5,4,3,6,6,3,4,0.620937955879789
"836",4,4,2,2,4,3,3,2,3,3,2,2,2,2,3,2,5,2,2,5,3,5,5,5,3,5,5,4,5,2,0.798822270325619
"837",5,3,4,3,4,3,3,3,3,4,3,3,3,3,3,3,2,3,6,5,6,5,3,4,1,3,3,5,4,3,0.791601748943842
"838",4,4,4,2,4,2,4,2,3,2,4,2,4,1,4,2,5,4,5,6,4,6,3,7,4,2,7,5,5,3,0.5769877581129
"839",5,4,5,4,3,4,2,2,3,2,4,3,4,3,1,3,5,5,7,4,4,3,4,4,5,5,5,4,3,6,0.937753779306179
"840",5,2,3,3,3,5,2,2,3,4,4,2,4,1,3,3,1,2,5,5,6,4,6,5,2,4,6,4,4,4,0.377782291392798
"841",4,4,4,4,3,2,2,3,2,2,3,3,4,3,2,2,5,6,6,3,6,4,5,2,6,2,5,4,4,5,0.507904641261163
"842",4,4,2,4,3,4,5,3,5,5,3,2,1,1,1,2,3,5,4,5,5,6,6,6,4,5,5,2,4,6,0.814392667615027
"843",4,3,4,3,3,2,1,5,2,2,4,4,1,2,1,2,5,3,5,3,4,4,5,3,5,6,6,3,5,5,0.781748672653136
"844",4,4,3,4,4,1,3,4,5,3,4,4,2,2,2,2,6,3,4,3,5,3,5,5,5,5,3,4,2,5,1.03075009556466
"845",4,4,4,4,2,5,3,2,3,3,3,4,4,3,3,3,5,4,4,5,5,6,5,2,4,4,3,6,5,3,0.816783690774772
"846",4,4,4,2,5,5,2,4,3,3,5,2,2,2,3,2,2,5,5,1,4,4,4,4,6,4,3,5,3,6,0.452121972245404
"847",4,3,5,3,2,2,2,5,2,2,3,2,3,2,4,2,4,3,3,5,5,5,5,4,4,2,3,6,2,6,0.552504080600741
"848",4,3,4,4,2,2,2,4,4,2,3,5,2,3,2,2,3,4,3,3,6,6,4,4,2,5,6,5,4,6,0.277481640173164
"849",4,2,4,3,2,4,4,4,3,3,4,4,1,4,2,1,7,6,2,7,5,5,4,7,5,3,6,5,5,5,0.348250675389247
"850",5,4,5,3,2,2,3,2,2,4,4,5,2,2,3,3,2,3,2,4,5,3,5,6,7,4,5,6,5,4,1.21459051951596
"851",5,4,4,2,4,4,2,4,4,3,3,4,2,2,1,4,4,3,5,4,6,3,5,5,5,3,5,3,2,4,0.67694951074486
"852",3,4,3,5,4,3,2,2,1,2,3,4,5,3,2,2,5,5,6,5,4,4,2,6,4,4,7,4,5,4,0.918862318027063
"853",5,4,4,4,1,1,4,2,5,3,4,4,5,4,2,2,4,3,5,4,3,5,6,5,4,3,3,6,5,3,0.877489516487445
"854",5,2,3,4,4,4,1,2,4,3,2,1,1,3,1,3,4,6,5,5,4,6,4,4,4,4,6,5,3,5,0.945191896563347
"855",5,5,2,3,3,3,3,4,3,4,3,3,2,1,1,4,6,3,7,5,6,5,5,5,2,6,5,4,5,5,0.225968552030632
"856",4,2,5,2,4,3,4,4,4,3,3,3,3,2,4,2,5,5,5,5,4,4,4,7,3,5,5,6,5,4,0.63362872328978
"857",3,4,2,3,3,3,3,2,2,4,4,2,3,3,2,2,3,5,6,5,5,5,7,2,4,6,4,5,4,6,0.715609549003609
"858",4,4,4,5,2,3,4,2,1,4,5,3,3,2,4,2,5,2,5,3,5,4,6,4,3,4,6,6,2,2,0.772883765427944
"859",5,3,4,4,4,3,4,5,4,3,4,2,3,2,1,2,7,3,6,5,6,3,6,6,5,6,4,5,5,6,0.885649144373841
"860",5,4,5,4,4,4,4,3,4,3,3,5,3,2,3,3,5,4,4,5,5,5,5,3,3,4,5,4,4,6,0.773225331391203
"861",4,5,3,3,4,2,2,2,1,4,3,5,2,1,2,2,3,6,4,5,3,4,5,6,6,5,6,2,5,7,0.358073399623519
"862",4,2,4,3,3,5,4,3,2,5,4,2,2,1,3,3,2,2,6,5,5,3,4,6,3,5,6,6,5,6,0.771034045097393
"863",4,4,4,2,2,4,3,5,3,3,4,4,2,3,1,4,5,1,6,5,6,5,2,5,4,5,6,4,3,6,0.489793898267173
"864",4,2,2,3,3,2,4,2,5,5,4,1,4,4,3,4,5,5,4,4,6,6,3,4,5,4,5,3,3,5,0.598494281603058
"865",4,4,3,5,5,3,3,3,4,1,5,4,3,3,3,3,3,4,4,3,4,3,5,5,3,6,4,1,6,5,0.125899474930661
"866",4,5,5,3,3,1,3,2,2,5,2,2,2,1,1,3,4,6,5,4,4,3,4,4,5,3,6,5,6,4,0.800521599397452
"867",4,2,3,3,2,2,3,3,3,1,3,2,4,3,3,1,3,5,3,5,5,5,6,7,3,2,7,4,4,7,1.26669817262295
"868",5,3,4,1,2,4,4,2,3,3,4,3,3,2,2,3,5,5,1,5,5,5,6,2,6,5,6,5,7,3,0.405518881892204
"869",3,4,3,3,4,5,3,3,1,2,3,4,3,3,2,3,6,5,2,4,5,4,5,6,4,6,5,5,4,4,0.796324291502898
"870",4,5,2,3,3,2,2,1,4,4,2,4,2,2,1,4,4,3,4,4,6,5,3,5,6,5,6,3,6,5,0.686196648108482
"871",5,4,1,4,2,4,3,3,2,4,5,2,2,4,3,4,4,3,5,6,7,5,5,4,4,4,4,6,6,3,0.216356282339087
"872",4,5,3,3,3,4,4,2,3,4,4,3,2,2,2,3,5,5,3,6,6,7,6,4,2,3,5,6,4,5,0.648894730737839
"873",4,4,3,5,3,4,3,2,1,3,3,5,4,2,2,3,6,5,5,6,4,5,6,5,5,5,6,4,4,5,0.586313661009035
"874",4,3,4,2,4,3,3,2,1,3,4,3,3,4,2,4,4,3,3,4,4,5,3,5,4,4,5,3,5,4,0.923633920779828
"875",4,3,4,4,3,4,1,3,2,3,1,4,3,2,2,3,5,5,6,4,4,4,5,6,3,5,3,5,6,6,0.413718748189096
"876",5,2,2,4,4,2,3,4,3,3,3,2,1,3,2,3,6,5,4,6,6,3,4,3,2,4,6,3,3,7,0.777039740133817
"877",4,3,4,5,3,3,3,4,4,5,2,2,3,2,3,3,5,6,5,4,6,4,5,4,4,7,3,5,4,5,0.512770038538473
"878",4,3,4,3,4,3,4,4,3,4,2,2,2,2,2,4,3,4,6,4,3,5,4,7,4,6,5,3,5,6,0.557849638903443
"879",4,4,4,5,2,3,1,4,4,3,3,2,2,3,1,2,2,5,4,4,6,6,5,5,1,6,4,6,4,4,0.656796982002737
"880",3,2,3,4,4,2,1,2,1,4,3,3,3,3,3,1,4,3,7,6,4,6,5,4,6,4,5,4,6,5,0.970204015787015
"881",4,5,5,5,3,5,3,4,3,4,3,1,3,4,1,3,5,3,6,6,6,5,5,3,4,4,5,5,6,6,0.369001791909497
"882",4,4,3,1,4,4,3,3,5,4,2,1,3,4,5,3,4,4,2,3,5,4,6,5,7,3,5,2,3,3,0.805185176259744
"883",5,2,3,3,2,1,3,1,3,3,4,1,3,2,2,3,4,4,3,4,4,5,6,4,4,2,4,5,4,4,0.383281015796476
"884",4,3,4,2,3,2,3,3,1,4,3,3,1,3,3,3,4,6,3,5,5,4,4,5,3,3,4,7,7,6,0.755242837826354
"885",3,5,2,4,1,4,1,4,3,3,2,2,4,3,3,2,6,4,4,4,5,4,5,4,5,4,5,3,4,4,0.778834868694268
"886",4,4,3,4,1,2,1,5,4,3,4,4,3,2,5,4,3,7,6,4,5,4,3,5,3,4,5,6,5,3,0.535109408156298
"887",4,4,4,4,3,2,3,3,3,4,3,3,3,2,2,3,6,5,5,4,5,4,3,4,6,6,6,4,5,4,0.289703648889587
"888",3,4,3,3,2,5,2,3,4,2,4,2,4,2,2,3,7,5,4,4,3,4,5,3,6,4,5,4,7,2,0.621789831303825
"889",4,4,4,3,3,5,2,3,3,2,2,3,2,1,3,3,4,6,6,4,3,6,3,2,4,6,4,7,4,6,0.630074821264617
"890",4,3,4,4,4,4,2,5,2,2,3,4,4,2,3,3,6,3,4,4,5,6,4,7,3,6,6,4,5,7,0.681500017873514
"891",3,2,4,5,4,4,5,4,2,3,4,2,2,2,3,1,3,2,4,5,5,5,5,7,1,6,4,4,3,6,0.731636874719888
"892",4,4,3,4,2,2,4,5,5,4,3,3,3,2,3,4,4,4,5,5,6,7,3,4,3,3,5,7,5,4,0.695164666460838
"893",4,5,5,3,2,3,2,3,3,1,2,4,4,4,2,2,3,5,5,4,4,3,4,3,5,4,6,7,6,5,0.74677975363299
"894",5,2,4,4,3,1,2,4,2,3,3,3,3,1,2,2,5,3,4,5,5,5,6,3,5,6,6,5,5,5,0.452290214918531
"895",5,4,5,3,2,3,2,4,3,5,4,2,4,3,3,4,6,3,7,5,4,6,5,5,6,2,6,4,4,3,0.281079885959812
"896",4,3,4,4,4,2,2,2,4,3,2,1,2,2,2,3,1,5,5,3,7,6,3,6,5,3,4,4,2,6,0.919407916486403
"897",4,4,5,2,3,3,4,3,2,1,3,3,1,1,2,2,3,4,3,6,5,5,5,3,6,6,3,4,3,2,0.563847810423024
"898",5,3,3,3,2,5,3,2,2,4,5,3,5,2,2,4,5,1,5,6,4,4,6,2,5,5,5,5,3,3,0.484035125296826
"899",5,2,5,3,3,3,3,4,3,1,2,3,2,3,3,1,3,7,2,3,4,5,6,5,4,3,7,2,4,3,1.07806895725992
"900",4,4,4,3,4,5,4,4,2,3,4,2,3,3,3,3,5,6,3,3,4,5,4,5,5,4,4,4,4,3,0.75699665301572
"901",4,4,3,3,5,4,3,4,2,4,4,2,5,3,2,2,3,5,1,4,4,4,5,6,5,5,7,3,3,5,0.371620869971209
"902",4,3,3,4,2,4,1,3,2,4,5,2,4,3,1,4,5,3,4,6,4,6,6,4,4,6,4,4,4,5,0.839684951297926
"903",5,4,5,3,2,4,4,5,1,5,3,3,4,2,3,2,5,5,5,7,6,4,5,5,4,3,6,5,2,4,0.59749938694589
"904",5,5,4,4,4,2,4,4,4,4,5,2,3,4,4,2,6,3,3,6,5,6,4,5,2,5,4,6,6,6,0.304443699351395
"905",5,4,3,3,1,3,3,3,4,2,4,3,3,2,3,2,4,3,4,3,4,6,3,4,4,5,5,3,3,5,0.822040564916762
"906",4,2,2,4,4,3,2,3,2,3,4,3,3,2,4,3,3,3,5,6,7,3,4,4,2,5,5,4,6,4,0.968257119833789
"907",3,4,4,2,2,4,4,4,3,4,4,2,2,2,4,4,5,5,3,4,4,4,5,3,3,4,6,4,4,5,0.695122938132362
"908",5,4,3,4,2,3,2,2,4,4,4,2,3,3,2,3,2,4,3,6,4,5,6,6,5,4,5,4,5,2,0.666442654597496
"909",5,3,4,3,4,3,3,3,4,3,5,2,2,2,3,3,6,4,4,4,6,5,5,6,2,5,6,5,3,4,0.507235452186653
"910",5,5,3,4,3,5,3,3,1,1,4,2,3,2,2,3,6,5,3,5,6,4,5,4,5,2,4,5,4,3,0.753398695557806
"911",4,4,4,3,3,2,1,3,4,3,4,2,1,1,3,2,3,6,3,5,5,6,6,2,5,3,5,6,6,5,0.636445484041738
"912",4,5,3,3,2,5,2,4,4,4,1,1,2,1,3,4,3,4,2,5,4,4,4,3,2,2,6,6,6,6,0.367335490117142
"913",5,4,3,2,1,3,1,2,3,4,2,4,2,4,3,4,4,7,3,5,5,4,7,2,2,3,4,7,5,6,0.520666592784375
"914",4,3,5,3,4,3,2,3,1,4,3,3,2,3,4,3,5,5,4,6,4,7,6,3,4,6,5,4,6,6,1.14309406176204
"915",5,2,4,4,4,4,4,4,3,3,2,4,2,2,2,3,3,5,4,5,6,6,4,6,4,6,4,3,3,6,0.555090173682635
"916",3,4,2,5,4,2,2,3,3,2,5,2,2,2,2,4,5,3,4,5,7,4,5,3,4,5,5,5,7,5,0.825046163747136
"917",4,5,3,1,4,3,1,1,3,1,2,5,3,2,2,2,3,7,2,6,7,3,4,4,6,7,5,4,5,4,0.919113201942074
"918",3,4,4,3,4,1,2,2,2,2,4,2,2,2,3,4,4,2,6,5,6,5,6,1,2,3,6,6,4,5,0.737049549134696
"919",5,2,4,4,3,5,3,2,1,2,3,3,4,4,1,3,2,5,3,4,4,6,5,3,2,4,4,3,4,4,0.267256021969879
"920",4,2,4,3,4,3,2,2,3,5,1,2,4,2,2,3,2,5,3,6,5,5,4,4,3,6,5,4,3,5,0.456362456266968
"921",5,4,5,4,4,3,5,3,2,2,3,3,3,2,3,2,5,4,4,5,5,5,5,4,4,6,6,3,3,3,0.377491110502549
"922",4,4,3,3,3,3,2,2,1,2,3,2,3,2,2,2,5,6,4,5,7,3,5,6,4,4,4,5,3,7,0.765655207402672
